,orig_ident,reads_per_cell,genes_per_cell,cluster_id,cluster_name,group,x,y,domain,smoothed_manual
8,0,310,172,1.0,eL6-2,0,4980.7776640043685,49.77124718410813,L6,L6
9,0,533,277,5.0,eL4,0,8729.177424962336,53.47311391818288,L4,L4
12,0,452,237,11.0,eL2/3,0,11547.566359203338,46.31549262675519,L2/3,L2/3
14,0,288,183,4.0,eL6-2,0,3280.980263748094,37.612810621691935,L6,L6
15,0,457,268,1.0,eL5,0,7582.793601293602,45.35031185031185,L4,L5
16,0,472,260,13.0,eL6-1,0,4691.683640913357,50.13700344072568,L6,L6
19,0,413,206,10.0,eL6-1,0,12817.143809250216,48.9578282102844,L1,L2/3
20,0,535,294,12.0,eL6-2,0,3426.17491573532,91.88149725031045,L6,L6
21,0,750,342,14.0,eL6-1,0,5157.435323646905,84.1451196662778,L6,L6
22,0,304,175,7.0,Micro,0,1480.0390641541394,61.31039593478721,cc,HPC
23,0,462,263,6.0,eL4,0,9461.603944409204,55.56052130788305,L2/3,L4
24,0,429,206,5.0,eL2/3,0,12633.158039509875,58.75377177627741,L1,L2/3
25,0,290,158,10.0,eL2/3,0,10688.079207301826,73.60596399099775,L2/3,L2/3
26,0,810,374,4.0,eL4,0,12065.723040430505,73.38752389718898,L2/3,L2/3
27,0,470,226,2.0,eL2/3,0,13121.71030541168,81.66815502768351,L1,L2/3
28,0,447,241,1.0,eL6-1,0,4216.013943165919,74.05760602113186,L6,L6
29,0,260,157,1.0,Endo,0,569.0051671412,78.53595908467784,HPC,HPC
30,0,243,131,7.0,Oligo,0,2851.3394525758704,89.30364673778219,cc,cc
32,0,346,177,9.0,Astro-2,0,1324.54543851399,97.24617916764636,cc,HPC
33,0,445,256,2.0,eL6-2,0,3272.789499036609,134.0175016056519,L6,L6
34,0,477,250,4.0,eL5,0,9137.065470020189,125.94064051503082,L4,L4
35,0,308,184,5.0,eL4,0,9265.449904807234,122.75309376487388,L4,L4
36,0,331,180,7.0,eL6-2,0,3603.8647779896487,138.48084990465813,L6,L6
37,0,417,224,10.0,eL4,0,9856.904745430433,126.79167387418556,L2/3,L4
39,0,419,216,2.0,eL2/3,0,9993.975459803054,133.46355442088262,L2/3,L4
40,0,413,213,8.0,Endo,0,11006.365663322184,135.47829931188252,L2/3,L2/3
41,0,299,162,5.0,eL2/3,0,11766.123323096816,133.09269435914013,L2/3,L2/3
42,0,517,271,12.0,eL5,0,4510.078200147984,143.75221975582687,L6,L6
43,0,322,168,6.0,eL4,0,12922.530949105914,127.16596127393926,L1,L2/3
44,0,555,221,8.0,Micro,0,13714.760391198044,154.9392547002782,L1,L2/3
46,0,375,212,3.0,eL4,0,9423.857943349754,159.9070197044335,L4,L4
47,0,281,156,3.0,Astro-2,0,2553.5340472267985,168.39476935749587,cc,cc
48,0,374,209,5.0,eL5,0,6873.340535591668,157.09036392767223,L5,L5
49,0,541,282,11.0,eL4,0,7081.700869066164,173.70480446011314,L5,L5
50,0,319,157,8.0,Oligo,0,5523.4938481368645,177.94879306304196,L5,L6
51,0,544,263,13.0,eL6-2,0,4053.37271828073,166.74453736174806,L6,L6
52,0,490,244,1.0,PVALB,0,6314.988253319714,157.1312199036918,L5,L6
53,0,371,198,2.0,eL5,0,1033.0219326128415,159.98455181182453,HPC,HPC
54,0,293,154,5.0,Oligo,0,2246.444957460054,187.9717783772567,cc,cc
55,0,240,129,5.0,Oligo,0,2811.9539800995026,173.63814262023217,cc,cc
56,0,856,391,7.0,eL2/3,0,11304.52256939036,170.8976355876764,L2/3,L2/3
59,0,603,318,12.0,eL4,0,8723.938967838445,197.695188232361,L4,L4
60,0,306,175,3.0,Micro,0,10627.52156133829,188.58451053283767,L2/3,L2/3
61,0,699,349,11.0,eL2/3,0,11822.7615325532,214.4548411873673,L2/3,L2/3
62,0,277,158,5.0,Endo,0,934.070542464949,184.90604125376203,HPC,HPC
63,0,593,296,4.0,eL2/3,0,10469.804669122545,224.0120278727087,L2/3,L2/3
64,0,478,244,15.0,eL6-2,0,5405.77069525377,217.9780703705351,L5,L6
66,0,292,169,12.0,eL2/3,0,12753.131171506411,253.0161472523091,L1,L2/3
67,0,349,194,2.0,Astro-2,0,1346.5820117314795,255.1228003475994,cc,HPC
68,0,237,121,11.0,Oligo,0,2669.91797211224,235.1176622482355,cc,cc
69,0,408,210,6.0,eL6-2,0,6022.428537635426,239.60476888867865,L5,L6
70,0,371,204,8.0,eL4,0,8838.501323537355,247.52298633245096,L4,L4
71,0,305,158,5.0,Oligo,0,2801.5233105721686,282.032728985166,cc,cc
73,0,351,205,0.0,eL6-2,0,3288.2227020357805,253.98379227188605,L6,L6
75,0,277,163,8.0,eL5,0,1020.5396060352052,297.10435875943,HPC,HPC
76,0,618,330,10.0,eL4,0,9739.765544601123,258.26415020228603,L2/3,L4
77,0,798,376,1.0,eL2/3,0,10631.29537489891,305.89810143643854,L2/3,L2/3
78,0,567,291,11.0,eL6-2,0,3603.8706422806113,289.7450626824661,L6,L6
79,0,250,143,8.0,Astro-2,0,6890.985098709188,292.28753796507215,L5,L5
80,0,930,398,2.0,eL6-1,0,12261.389775603173,307.4996456892188,L1,L2/3
81,0,333,187,5.0,Micro,0,907.5889338731444,326.1601079622132,HPC,HPC
84,0,662,356,3.0,eL5,0,7611.680854533594,311.77279028049577,L4,L5
85,0,302,151,2.0,Oligo,0,1540.9478713179171,312.20099508113304,cc,cc
86,0,478,265,1.0,HPC,0,221.481114078596,311.7581075925219,HPC,HPC
87,0,417,216,4.0,eL2/3,0,10343.778746367789,323.97421705640886,L2/3,L2/3
88,0,226,107,1.0,Oligo,0,2668.301729905381,324.6981745197362,cc,cc
89,0,603,270,5.0,VIP,0,13298.490532804932,341.4209232349919,L1,L2/3
91,0,271,137,11.0,Oligo,0,4919.207390778794,341.8150002878029,L6,L6
92,0,761,370,10.0,eL4,0,8243.814302787558,347.4145159727381,L4,L4
93,0,732,362,5.0,eL4,0,8525.112070605242,350.19606649674745,L4,L4
94,0,674,315,2.0,eL6-2,0,4367.885552096685,362.9529848013185,L6,L6
95,0,446,245,2.0,eL4,0,9874.984245630174,354.5161568537259,L2/3,L4
96,0,318,171,11.0,eL6-2,0,4236.00553303738,373.7048832271762,L6,L6
98,0,202,128,5.0,eL5,0,4009.928921568628,356.9109477124183,L6,L6
99,0,541,274,1.0,eL4,0,8916.875944641719,364.5000910498042,L4,L4
100,0,434,226,5.0,eL6-2,0,3486.9976223499107,377.9730037646127,L6,L6
101,0,205,113,6.0,eL4,0,1196.0749902152645,356.881252446184,HPC,HPC
102,0,897,398,5.0,eL2/3,0,11586.146847890765,398.0127775515956,L2/3,L2/3
103,0,272,158,0.0,Astro-2,0,113.55008371341148,393.3266555048785,HPC,HPC
104,0,726,355,3.0,eL2/3,0,11266.302676317118,366.4395556303653,L2/3,L2/3
105,0,787,381,5.0,eL4,0,9341.235639880952,364.4475446428572,L4,L4
106,0,324,177,2.0,eL4,0,9724.855300673924,398.2109253499223,L2/3,L4
107,0,293,153,5.0,Oligo,0,2213.414953751285,389.2617677286742,cc,cc
109,0,456,230,2.0,eL6-2,0,5937.647169574495,416.5598510522572,L5,L6
110,0,657,311,3.0,HPC,0,563.179523752922,414.4234716113951,HPC,HPC
112,0,719,361,3.0,eL6-2,0,4112.985992586846,439.3453150590466,L6,L6
113,0,524,260,2.0,PVALB,0,7674.855403753123,427.9383339535378,L4,L5
114,0,207,113,8.0,eL6-1,0,12637.866247755836,438.6461563571079,L1,L2/3
115,0,298,138,5.0,Oligo,0,1467.2185413188647,445.3098393155259,cc,cc
116,0,443,237,7.0,eL4,0,8116.014514348786,444.17389624724063,L4,L4
117,0,886,395,13.0,eL4,0,7820.841310189557,448.1179097973709,L4,L5
118,0,363,179,7.0,VIP,0,12177.441651529283,441.4962933870096,L2/3,L2/3
120,0,382,196,5.0,eL6-1,0,4900.319013164506,473.9714099085519,L6,L6
121,0,340,173,8.0,Oligo,0,6866.15373823581,453.61641433331386,L5,L5
122,0,443,236,10.0,SST,0,1275.9749443745768,453.5991583631615,HPC,HPC
123,0,811,333,1.0,SST,0,10801.314967767928,484.072958635509,L2/3,L2/3
124,0,908,399,10.0,eL6-1,0,5641.312541347699,482.4385218788394,L5,L6
125,0,294,164,1.0,eL2/3,0,9934.885729775317,464.7853141377025,L2/3,L4
126,0,537,278,1.0,eL4,0,9067.2963953309,483.4840335270222,L4,L4
128,0,481,269,2.0,eL2/3,0,8947.835058849172,501.5311682650392,L4,L4
130,0,296,153,2.0,SST,0,10643.39586998088,519.3427151051625,L2/3,L2/3
131,0,375,193,8.0,Oligo,0,2229.62260021884,538.5165622202328,cc,cc
133,0,360,211,5.0,Astro-2,0,2784.7742473486146,542.4450906602806,cc,cc
134,0,305,169,8.0,Endo,0,1263.36970054387,561.4461699757552,HPC,HPC
137,0,835,389,2.0,eL6-2,0,3535.085668676836,542.8382405108194,L6,L6
138,0,301,157,5.0,eL6-1,0,3946.09892384106,581.9279210028383,L6,L6
139,0,568,320,3.0,eL5,0,7586.721425522834,567.0376440460948,L4,L5
141,0,613,314,6.0,eL5,0,7417.800834109766,600.3370602067528,L4,L5
142,0,205,113,8.0,Micro,0,1362.9635472888815,590.443494145977,cc,HPC
143,0,684,303,8.0,SST,0,8636.667563884157,586.4473935264054,L4,L4
144,0,327,193,10.0,eL2/3,0,9373.896543638324,620.5926933358345,L4,L4
145,0,325,184,4.0,eL4,0,9657.67508261049,615.9554935976869,L2/3,L4
146,0,381,188,13.0,Oligo,0,1841.6568400854735,632.935545767738,cc,cc
147,0,205,126,2.0,Endo,0,5819.910818514999,603.3552327948962,L5,L6
148,0,393,226,2.0,eL2/3,0,10940.970249470583,639.963844842725,L2/3,L2/3
149,0,321,176,5.0,Oligo,0,3404.89634551495,635.1078405315615,L6,L6
150,0,421,199,7.0,Astro-2,0,12572.14918703564,628.1883816087003,L1,L2/3
151,0,730,367,4.0,eL6-2,0,4779.012954747116,632.0201952085182,L6,L6
152,0,354,240,2.0,eL2/3,0,11057.109207400475,643.643438197394,L2/3,L2/3
153,0,372,206,6.0,eL6-1,0,11168.432211101,655.3500151653018,L2/3,L2/3
154,0,626,322,5.0,eL6-2,0,4292.127796148609,637.855281073721,L6,L6
155,0,221,129,1.0,eL2/3,0,10519.834275436791,646.1267343268242,L2/3,L2/3
156,0,349,206,5.0,eL5,0,7097.457481481481,676.3642469135802,L5,L5
158,0,244,136,13.0,Oligo,0,1671.3903292791456,668.3987540789084,cc,cc
159,0,676,334,7.0,eL6-1,0,4545.621457489879,676.2134362348178,L6,L6
161,0,569,298,8.0,eL5,0,5950.098745804628,673.9942589648472,L5,L6
162,0,301,157,1.0,Oligo,0,6704.930770401176,686.2334026474616,L5,L5
163,0,209,126,1.0,Micro,0,1317.4340107891103,692.6813448751725,cc,HPC
164,0,249,144,2.0,Endo,0,3561.400046008742,685.5635495744191,L6,L6
165,0,253,136,8.0,Endo,0,11700.779482595955,680.25016137842,L2/3,L2/3
166,0,584,281,5.0,SST,0,3223.252509821039,667.8535137494544,L6,L6
167,0,442,236,11.0,eL6-2,0,3731.8066116994255,680.9378687819936,L6,L6
168,0,318,173,8.0,Micro,0,3913.0114186674814,697.5043074884029,L6,L6
170,0,287,167,15.0,eL6-1,0,9213.22739018088,708.3771486349848,L4,L4
171,0,454,234,11.0,Endo,0,12084.397770307649,695.1128037104804,L2/3,L2/3
172,0,223,137,2.0,eL6-1,0,5614.942710180915,711.5579401679082,L5,L6
173,0,401,229,13.0,Endo,0,12519.819557021678,718.9760603204523,L1,L2/3
175,0,271,157,1.0,Endo,0,13014.974554225984,719.7083195383815,L1,L2/3
176,0,1076,461,0.0,eL6-1,0,6393.11002536377,740.7602456280871,L5,L5
177,0,210,94,11.0,Micro,0,13535.715902008726,741.6231362960832,L1,L1
178,0,202,118,2.0,Oligo,0,6932.33510823012,713.6905891885635,L5,L5
179,0,277,161,6.0,eL6-1,0,4401.292594859241,732.3090575275398,L6,L6
180,0,275,151,8.0,Astro-2,0,1122.0925258204486,730.0242620546354,HPC,HPC
181,0,527,278,8.0,eL6-2,0,5458.770682457187,720.2836755559342,L5,L6
182,0,456,245,7.0,eL5,0,10025.159345083654,756.3313500939429,L2/3,L4
183,0,423,246,8.0,eL4,0,10403.334663596828,748.7111281657712,L2/3,L2/3
184,0,553,330,8.0,eL2/3,0,8280.727639181261,770.2260491781251,L4,L5
185,0,462,263,2.0,Micro,0,9465.485736836172,750.6728680422445,L2/3,L4
186,0,207,115,1.0,Endo,0,12132.393776983772,790.8235075182373,L2/3,L2/3
187,0,384,220,3.0,eL6-1,0,4188.768833794425,772.7336667376037,L6,L6
189,0,233,137,2.0,Endo,0,11060.377275296778,778.4997173544375,L2/3,L2/3
190,0,424,227,8.0,eL4,0,9881.11054319503,801.1502806173581,L2/3,L4
191,0,548,264,8.0,eL6-1,0,5276.054602336609,795.4436134330547,L6,L6
192,0,605,310,7.0,Micro,0,8461.276511437909,771.2752859477124,L4,L4
193,0,405,241,0.0,Reln,0,818.8129784186873,796.3022371475134,HPC,HPC
194,0,308,170,10.0,Reln,0,7467.520177315806,806.1393050035667,L4,L5
195,0,275,148,7.0,Astro-2,0,1440.0329164297896,813.5073337123365,cc,HPC
196,0,298,158,10.0,Astro-2,0,1555.0842368247384,793.4481003111154,cc,cc
197,0,422,228,10.0,eL6-2,0,4648.338248919086,791.543545398394,L6,L6
198,0,203,126,2.0,eL6-1,0,4754.171814092953,813.9931034482759,L6,L6
199,0,356,190,10.0,Astro-2,0,6967.80464987545,831.0357597564351,L5,L5
200,0,246,144,15.0,Endo,0,11574.510636913668,817.9962917181706,L2/3,L2/3
202,0,342,158,8.0,Oligo,0,2837.4873761725257,842.3512755325677,cc,cc
203,0,587,312,5.0,eL6-2,0,3234.984105783358,840.0728373625395,L6,L6
204,0,711,327,11.0,eL5,0,7907.473266692754,831.1210202411867,L4,L5
205,0,672,321,1.0,PVALB,0,9231.32137477206,838.315230317926,L4,L4
206,0,646,306,0.0,Endo,0,12877.200545962418,800.5469781615033,L1,L2/3
207,0,211,116,8.0,Endo,0,11373.040512739355,842.5637495384291,L2/3,L2/3
208,0,274,156,4.0,Endo,0,13055.215065568773,826.7362000609942,L1,L2/3
209,0,309,174,2.0,eL2/3,0,13185.687958317252,840.0530683133925,L1,L2/3
210,0,430,230,8.0,eL5,0,4038.056256874968,828.5061547325965,L6,L6
211,0,313,164,2.0,Endo,0,11875.328105794091,826.9615140083923,L2/3,L2/3
213,0,454,220,10.0,Endo,0,12336.85685483871,839.0049395161291,L1,L2/3
214,0,361,212,1.0,eL4,0,5526.636273044345,844.9705406078724,L5,L6
215,0,391,206,5.0,Endo,0,10719.62339770268,855.19614616281,L2/3,L2/3
216,0,446,241,2.0,eL2/3,0,10356.890306122448,861.6840534085975,L2/3,L2/3
217,0,366,197,7.0,eL6-2,0,3550.542351973684,843.359022556391,L6,L6
218,0,374,184,7.0,Endo,0,10953.944621983012,875.461273231856,L2/3,L2/3
219,0,661,327,2.0,eL4,0,8471.899555696604,874.9891568814134,L4,L4
220,0,784,368,1.0,eL6-2,0,4976.649381572855,859.7859316092334,L6,L6
221,0,819,363,15.0,eL2/3,0,12690.877985948478,864.8534292405487,L1,L2/3
222,0,640,299,5.0,eL2/3,0,11714.546982947966,886.4602851323829,L2/3,L2/3
223,0,290,157,2.0,eL6-1,0,4411.115720355349,889.5402085747393,L6,L6
224,0,218,103,5.0,Endo,0,13788.879467944273,881.0151925865221,L1,L1
225,0,370,203,2.0,eL5,0,6485.4471842719095,893.6447184271909,L5,L5
226,0,307,183,1.0,eL6-2,0,4637.071612249669,900.607730070911,L6,L6
227,0,315,176,13.0,eL4,0,9517.001178244886,914.0714958997078,L2/3,L4
228,0,321,175,7.0,Astro-2,0,888.5757215997626,900.4687244935817,HPC,HPC
229,0,667,323,7.0,eL6-2,0,3716.0996859269458,895.1677064062299,L6,L6
232,0,224,126,9.0,eL6-2,0,4138.465340086831,921.8537626628076,L6,L6
233,0,711,324,8.0,Astro-2,0,8235.884081956903,933.8971897653172,L4,L5
234,0,983,425,1.0,eL6-1,0,6364.388638060364,948.9359735504283,L5,L5
235,0,399,178,11.0,SST,0,1004.05445609724,910.2877265347316,HPC,HPC
236,0,556,303,6.0,Reln,0,12384.059204840103,932.5363625138906,L1,L2/3
237,0,903,389,11.0,eL2/3,0,12538.381911037892,952.6380230642504,L1,L2/3
238,0,208,111,7.0,Astro-2,0,10618.73932882805,977.380003465604,L2/3,L2/3
240,0,218,136,2.0,Endo,0,7647.79954080796,972.912644180834,L4,L5
241,0,541,268,11.0,eL2/3,0,11272.80827586207,988.9543336439888,L2/3,L2/3
242,0,359,174,9.0,Endo,0,10170.079534289644,994.6602967184124,L2/3,L2/3
243,0,975,445,2.0,eL2/3,0,11875.101639344262,1008.209675345548,L2/3,L2/3
247,0,492,211,5.0,Endo,0,13789.853722778797,1034.7488358967123,L1,L1
249,0,347,176,1.0,Endo,0,9584.54918115649,1013.0953801051356,L2/3,L4
251,0,1020,440,11.0,Astro-1,0,8028.457284185228,1024.2768912612134,L4,L5
252,0,791,366,5.0,eL2/3,0,10793.503522071647,1036.5420300550113,L2/3,L2/3
253,0,452,189,3.0,Oligo,0,2758.0492901259327,1040.1873746691265,cc,cc
254,0,531,269,5.0,eL6-1,0,6528.879456758331,1041.3168705355774,L5,L5
255,0,391,196,13.0,eL6-1,0,12850.602546612095,1056.857094133697,L1,L2/3
256,0,247,140,13.0,eL6-1,0,7451.838360655738,1045.029442622951,L4,L5
257,0,254,118,2.0,Astro-2,0,11622.243741113927,1048.0291772269272,L2/3,L2/3
258,0,236,131,11.0,Endo,0,9090.29683240296,1049.5523821887575,L4,L4
259,0,420,216,12.0,eL6-2,0,5726.84800769277,1047.930825169782,L5,L6
260,0,269,145,8.0,Endo,0,9885.527298850577,1062.934996516893,L2/3,L4
261,0,251,143,14.0,eL5,0,1158.2631078610602,1049.030786106033,HPC,HPC
262,0,448,228,1.0,eL6-1,0,4688.951023017903,1067.625063938619,L6,L6
263,0,277,163,12.0,Endo,0,10169.6361287147,1071.7567833630717,L2/3,L2/3
264,0,376,187,2.0,Oligo,0,1401.7751695608254,1073.6066669873492,cc,cc
265,0,582,302,1.0,eL5,0,5973.407987992996,1080.0243892270491,L5,L6
266,0,345,183,2.0,Oligo,0,2219.5365330694376,1065.068283028204,cc,cc
267,0,210,123,0.0,Oligo,0,6861.253837342497,1087.373806796487,L5,L5
268,0,691,324,2.0,eL6-2,0,5350.215682605034,1092.2439880228314,L6,L6
269,0,499,248,13.0,Astro-2,0,3621.745719435266,1094.893311304696,L6,L6
270,0,509,275,10.0,eL6-1,0,4779.453811149033,1120.6374288964732,L6,L6
271,0,521,282,8.0,eL2/3,0,12342.631908862968,1114.8084596097242,L1,L2/3
273,0,465,256,2.0,eL6-2,0,5714.348834145699,1140.0393228823607,L5,L6
274,0,409,201,12.0,Oligo,0,12462.33503613934,1126.377805554046,L1,L2/3
275,0,230,130,7.0,Endo,0,8655.813805871463,1158.379925945517,L4,L4
276,0,417,206,12.0,Oligo,0,3505.2885793366304,1141.8498570715549,L6,L6
277,0,573,270,2.0,VIP,0,4218.858736372437,1178.4572547038767,L6,L6
278,0,259,140,8.0,Astro-1,0,8232.027050359713,1137.581525179856,L4,L5
279,0,274,153,11.0,eL6-2,0,3237.8386755461506,1155.9821995394286,L6,L6
280,0,269,147,7.0,Micro,0,4097.700735014573,1167.0656444050185,L6,L6
282,0,738,346,1.0,eL6-2,0,4985.351918142364,1138.5043874932685,L6,L6
283,0,254,136,2.0,Endo,0,8388.112646338142,1179.3130955622107,L4,L5
284,0,269,136,8.0,Endo,0,9025.984789508351,1174.2736091981556,L4,L4
285,0,335,163,13.0,Oligo,0,7018.495564817784,1165.756492465534,L5,L5
287,0,822,356,6.0,eL2/3,0,11466.457379952086,1179.7401826325474,L2/3,L2/3
288,0,297,147,0.0,Oligo,0,1651.9758322198338,1173.2016499157614,cc,cc
289,0,603,288,8.0,Astro-2,0,10526.49812990002,1176.5273322304538,L2/3,L2/3
290,0,977,422,7.0,eL2/3,0,11021.974076176572,1193.6643689346631,L2/3,L2/3
291,0,228,136,2.0,eL6-1,0,6833.349398519433,1185.31238433066,L5,L5
292,0,873,382,10.0,Astro-2,0,13748.329299796058,1176.3699524133242,L1,L1
294,0,250,141,10.0,Endo,0,5269.87147044106,1207.2169561798555,L6,L6
295,0,277,134,2.0,Oligo,0,1782.2939571602717,1199.7851047773845,cc,cc
296,0,335,173,1.0,Endo,0,7913.049481461398,1202.2432047719108,L4,L5
298,0,253,136,1.0,SST,0,1410.56523822563,1200.8370755750277,cc,cc
299,0,730,350,7.0,eL2/3,0,9967.59226133354,1219.4179494069326,L2/3,L2/3
300,0,294,164,1.0,Endo,0,9134.174335930837,1216.9567715147034,L4,L4
301,0,346,134,11.0,Oligo,0,2631.98896156991,1228.5536152318657,cc,cc
302,0,714,340,8.0,eL4,0,9536.791261403903,1238.4927618185932,L2/3,L4
305,0,674,305,7.0,eL6-1,0,4676.966338726726,1257.9059273111634,L6,L6
306,0,501,264,6.0,eL2/3,0,12803.096144153224,1233.0880166330646,L1,L2/3
307,0,330,163,0.0,Endo,0,8358.900085198668,1266.2943226705909,L4,L5
308,0,249,129,2.0,Endo,0,7821.148222222222,1243.6683703703704,L4,L5
309,0,249,133,1.0,eL2/3,0,10336.177042171406,1238.51091533329,L2/3,L2/3
310,0,672,331,8.0,eL6-2,0,4518.31580575317,1240.4608722548717,L6,L6
311,0,204,113,13.0,Endo,0,12926.94379032258,1253.750806451613,L1,L2/3
312,0,296,146,8.0,Endo,0,8008.630755922279,1264.676071333511,L4,L5
314,0,554,303,9.0,eL6-2,0,3399.1265599917147,1262.722748692455,L6,L6
315,0,597,278,10.0,VIP,0,244.6287343732296,1283.5447369414965,HPC,HPC
316,0,341,170,13.0,Micro,0,13013.608494085049,1234.7541830970904,L1,L2/3
317,0,318,159,0.0,Astro-1,0,907.7424593101388,1306.317455577124,HPC,HPC
318,0,501,253,15.0,Micro,0,12211.03347689898,1270.9087705559907,L1,L2/3
319,0,348,175,7.0,Oligo,0,1874.215606338999,1295.1897680293982,cc,cc
320,0,509,288,10.0,eL6-2,0,3682.6929732128,1292.338860850757,L6,L6
322,0,345,187,10.0,Endo,0,13102.10534591195,1321.4647151313357,L1,L2/3
323,0,272,159,7.0,Astro-2,0,1420.7231046750514,1323.8061331863507,cc,cc
324,0,700,333,11.0,eL6-2,0,12084.743488519827,1292.02640893003,L2/3,L2/3
325,0,534,273,8.0,eL4,0,9336.88885520482,1318.031641972034,L4,L4
327,0,674,314,5.0,eL6-2,0,4339.851014514781,1319.2253970666463,L6,L6
328,0,694,321,0.0,eL6-2,0,5111.3915163528245,1358.1383548067392,L6,L6
329,0,696,294,1.0,eL4,0,10808.13406170005,1349.8987148022063,L2/3,L2/3
330,0,771,360,0.0,eL2/3,0,11487.258774970069,1343.883010901758,L2/3,L2/3
331,0,423,224,4.0,Endo,0,12785.843337541604,1335.4775048777688,L1,L2/3
332,0,282,118,11.0,Oligo,0,2678.318270654427,1336.9607936037903,cc,cc
333,0,273,153,8.0,Oligo,0,7341.835791327317,1349.8813559322034,L5,L5
335,0,403,210,2.0,eL6-2,0,4549.232661121417,1361.5315660343483,L6,L6
337,0,720,354,11.0,eL6-2,0,5286.568024657209,1359.0026079740785,L6,L6
338,0,603,327,8.0,eL5,0,7801.812566813161,1377.1052381517995,L4,L5
339,0,384,183,1.0,Astro-2,0,520.6127119039836,1356.90057441741,HPC,HPC
340,0,205,108,2.0,Micro,0,11263.332696206198,1382.350651607298,L2/3,L2/3
341,0,672,311,10.0,PVALB,0,12231.851927946867,1400.6383964833483,L1,L2/3
342,0,237,149,6.0,eL6-1,0,3418.4048114048114,1402.9916097416096,L6,L6
344,0,359,157,8.0,Oligo,0,1884.8684348586416,1420.552375400758,cc,cc
346,0,467,256,7.0,eL6-2,0,3651.897558775441,1431.5226926763264,L6,L6
347,0,254,149,11.0,Endo,0,12515.65684088044,1408.8456317269463,L1,L2/3
348,0,207,123,8.0,Endo,0,12814.775857621871,1427.9007823918837,L1,L2/3
349,0,234,141,11.0,eL4,0,8606.801302594851,1439.087770081671,L4,L4
350,0,524,270,8.0,eL4,0,11921.279118102537,1448.923017360828,L2/3,L2/3
351,0,214,121,2.0,Oligo,0,1381.7812342074233,1457.6785333258465,cc,cc
352,0,202,119,2.0,Endo,0,6039.782731413176,1478.4570530502276,L5,L5
353,0,301,168,11.0,eL4,0,9338.68210351012,1460.4029592621062,L4,L4
355,0,540,298,0.0,eL6-2,0,4828.04689740893,1483.0851419829812,L6,L6
356,0,511,275,4.0,eL4,0,9021.601371815428,1493.9685551398538,L4,L4
357,0,208,107,8.0,eL4,0,10070.065643648764,1512.1239556692242,L2/3,L2/3
358,0,459,228,2.0,eL4,0,8652.023365617433,1512.2102300242132,L4,L4
360,0,661,311,1.0,eL6-2,0,3892.744397033846,1507.4135631136337,L6,L6
361,0,207,97,8.0,Astro-1,0,5940.649929720444,1522.741293143839,L5,L5
362,0,356,188,7.0,Astro-2,0,3372.3893036801696,1520.333703997882,L6,L6
364,0,258,146,9.0,Astro-2,0,5579.130817542541,1514.155349186752,L5,L6
365,0,647,301,5.0,eL2/3,0,12309.481344291393,1523.199405795424,L1,L2/3
366,0,828,396,2.0,eL5,0,6613.906113865104,1529.3347979570376,L5,L5
367,0,626,313,2.0,Reln,0,13328.381576046217,1542.7372668342373,L1,L1
368,0,319,182,5.0,eL5,0,7285.562084384315,1527.72500573263,L5,L5
369,0,740,361,10.0,eL2/3,0,11480.57165222457,1544.270006553557,L2/3,L2/3
370,0,217,107,5.0,Smc,0,2670.02129210266,1551.7145608829194,cc,cc
371,0,418,204,11.0,Astro-2,0,5232.357457993054,1552.6270064770488,L6,L6
372,0,233,132,11.0,PVALB,0,7951.528514180025,1548.5387638717632,L4,L5
373,0,305,171,1.0,eL4,0,9329.186835511611,1559.2030879664117,L4,L4
374,0,275,141,8.0,Endo,0,10198.444671111554,1568.58717285302,L2/3,L2/3
376,0,401,211,13.0,eL4,0,8815.330976040968,1574.9546424434554,L4,L4
377,0,661,318,14.0,eL5,0,1263.9676511954992,1584.2507383966245,HPC,cc
378,0,533,269,2.0,Oligo,0,4811.229307944492,1601.9833834822832,L6,L6
379,0,231,131,12.0,PVALB,0,7712.822645208725,1590.6856465975002,L4,L5
380,0,624,280,6.0,VIP,0,6921.35606120047,1594.4918399372302,L5,L5
381,0,893,406,5.0,eL5,0,6774.151265250791,1587.3880855550535,L5,L5
382,0,414,199,13.0,eL2/3,0,10561.55147405105,1604.5712065555242,L2/3,L2/3
383,0,347,169,0.0,Astro-2,0,1630.314853123707,1605.2841184467168,cc,cc
384,0,227,133,11.0,eL6-2,0,4273.5957084720685,1617.9510173880874,L6,L6
385,0,306,144,8.0,Oligo,0,1891.352522068096,1631.1255359394704,cc,cc
386,0,296,164,10.0,eL4,0,8604.25672490294,1641.9932057681642,L4,L4
387,0,659,289,1.0,eL2/3,0,12538.948207171316,1650.7361802788844,L1,L2/3
388,0,318,175,15.0,eL5,0,7384.247604491212,1664.4267238845453,L4,L5
389,0,384,200,0.0,eL4,0,9048.916102136527,1656.910512103842,L4,L4
390,0,348,188,14.0,eL6-1,0,11095.625159219442,1657.234778621287,L2/3,L2/3
391,0,701,326,7.0,eL2/3,0,12375.602452775836,1663.4284949997943,L1,L2/3
392,0,349,200,8.0,eL4,0,8721.750589885849,1658.3615840826478,L4,L4
394,0,288,145,1.0,Endo,0,10370.918618988902,1666.2062938937436,L2/3,L2/3
395,0,1027,429,1.0,eL2/3,0,11912.445192030033,1668.4719896043894,L2/3,L2/3
396,0,449,228,6.0,eL5,0,6650.4467858095495,1672.9958388903708,L5,L5
397,0,672,342,3.0,HPC,0,400.7796357439557,1686.336031526254,HPC,HPC
398,0,244,144,0.0,Micro,0,5471.524020694753,1693.791512687854,L5,L6
399,0,334,167,5.0,eL6-1,0,10638.058233159449,1695.1551372193242,L2/3,L2/3
400,0,547,261,1.0,Oligo,0,3419.9983596719344,1726.070774154831,L6,L6
402,0,254,112,10.0,Oligo,0,1471.212823935046,1712.6989767545324,cc,cc
403,0,1133,451,7.0,Astro-1,0,7607.075434584839,1729.914509109685,L4,L5
404,0,448,187,3.0,Oligo,0,1831.4354441464616,1723.4058343823544,cc,cc
405,0,780,370,2.0,eL6-2,0,5065.355604680413,1720.8317261882075,L6,L6
406,0,226,106,2.0,Oligo,0,2349.474271378243,1720.2228034589516,cc,cc
407,0,670,286,0.0,Micro,0,12812.437598142964,1741.9230900525704,L1,L2/3
408,0,628,330,8.0,eL4,0,9733.717967825363,1736.826853110069,L2/3,L4
409,0,612,314,10.0,eL6-2,0,4820.262720426157,1761.05239713446,L6,L6
410,0,550,285,7.0,eL6-2,0,3513.174202923327,1762.3725104709804,L6,L6
411,0,768,331,11.0,HPC,0,733.2044486082988,1771.3279639759437,HPC,HPC
412,0,393,218,8.0,eL4,0,8600.52736682524,1774.0475194730514,L4,L4
413,0,668,329,8.0,eL6-1,0,4057.067257627265,1769.616764921038,L6,L6
414,0,306,149,5.0,Oligo,0,6136.400387096775,1775.368064516129,L5,L5
416,0,418,211,2.0,PVALB,0,10084.821558089743,1763.1215100275265,L2/3,L2/3
417,0,536,272,2.0,eL6-1,0,4429.8645288954285,1793.2527779187174,L6,L6
418,0,582,305,1.0,eL6-1,0,9595.376568136542,1791.3767296613364,L2/3,L4
419,0,256,125,2.0,Micro,0,204.14432832792207,1795.1033887987012,HPC,HPC
420,0,459,246,10.0,eL6-2,0,3672.704542409219,1792.4679753450357,L6,L6
421,0,335,155,10.0,eL5,0,10459.302942019294,1792.1985385423632,L2/3,L2/3
422,0,747,335,11.0,Astro-2,0,5896.952767476034,1780.5055629417116,L5,L5
423,0,278,152,6.0,Micro,0,4560.327047146402,1782.5743353420771,L6,L6
424,0,283,164,2.0,HPC,0,5415.5816351285785,1823.507459970888,L5,L6
425,0,380,213,1.0,eL5,0,6628.495737742433,1848.1031523542536,L5,L5
427,0,306,174,2.0,eL6-1,0,11077.685434516525,1823.6418715923,L2/3,L2/3
428,0,643,281,7.0,eL2/3,0,10945.871798263017,1827.3464709253624,L2/3,L2/3
429,0,686,301,8.0,eL2/3,0,12398.754018852427,1850.6793131771424,L1,L2/3
430,0,379,180,4.0,Astro-2,0,2935.454494565471,1864.351121892056,cc,L6
432,0,1094,402,5.0,eL2/3,0,11521.912485035911,1855.5598064644853,L2/3,L2/3
433,0,580,290,4.0,eL6-2,0,3673.236282727037,1916.2506264581352,L6,L6
434,0,203,130,11.0,Micro,0,4553.741418145779,1882.765294170646,L6,L6
435,0,217,117,3.0,Endo,0,7434.632677140906,1879.2082220704217,L4,L5
436,0,266,159,0.0,Astro-2,0,6522.662375499695,1887.098177383292,L5,L5
437,0,850,354,6.0,PVALB,0,9102.99012175511,1894.6172371544528,L4,L4
438,0,210,135,5.0,Endo,0,9521.011093890203,1887.8135247573207,L2/3,L4
439,0,317,140,11.0,Oligo,0,1536.771251059023,1891.643547020616,cc,cc
440,0,579,237,8.0,Astro-2,0,13458.360749759691,1876.3920858699132,L1,L1
441,0,702,329,0.0,eL6-2,0,3242.1353067127457,1879.9758461365088,L6,L6
442,0,225,121,3.0,Astro-1,0,7074.8741335751765,1912.112262745352,L5,L5
443,0,547,261,1.0,VIP,0,11999.200987188731,1906.7081692640447,L2/3,L2/3
445,0,394,204,1.0,Endo,0,8733.114543422733,1890.691411238825,L4,L4
446,0,555,291,8.0,eL4,0,8474.954367841905,1922.1116101504604,L4,L4
447,0,533,261,4.0,SST,0,6337.715992209479,1926.7234364856088,L5,L5
448,0,569,287,8.0,eL6-2,0,4077.513386017257,1944.415974518184,L6,L6
449,0,282,165,7.0,eL4,0,8905.059566672984,1946.883203840566,L4,L4
450,0,240,107,2.0,Oligo,0,2229.736591333462,1914.5755585602988,cc,cc
451,0,614,279,4.0,eL6-1,0,4247.094197583291,1951.053044048952,L6,L6
452,0,332,166,2.0,Astro-2,0,8262.113869907673,1938.938500860675,L4,L4
453,0,602,298,11.0,eL2/3,0,10193.01467637222,1947.499547511312,L2/3,L2/3
454,0,278,161,1.0,Astro-2,0,2129.236849648846,1940.4930485882185,cc,cc
455,0,220,123,8.0,Astro-2,0,5990.443538355217,1951.102764340014,L5,L5
456,0,276,155,5.0,VIP,0,11876.677513711153,1965.245521023766,L2/3,L2/3
457,0,523,245,10.0,Endo,0,13693.87027148306,1979.586538030065,L1,L1
458,0,453,206,10.0,Astro-2,0,13803.298437071566,1978.0406909788867,L1,L1
459,0,616,308,1.0,eL4,0,8074.151013617058,1971.4722623582468,L4,L4
460,0,511,200,4.0,Oligo,0,1327.4412436755345,1995.0072221315488,cc,cc
461,0,251,135,12.0,Oligo,0,9605.875577206069,2014.5757852539707,L2/3,L4
462,0,661,300,2.0,VIP,0,12071.3768993552,2002.1645079899076,L2/3,L2/3
463,0,493,207,8.0,Oligo,0,1674.539888682746,2012.004792826221,cc,cc
464,0,1021,426,1.0,eL2/3,0,11673.334576106336,2048.1997622521208,L2/3,L2/3
465,0,293,144,11.0,Oligo,0,2221.314025571484,2048.078264238667,cc,cc
466,0,809,278,1.0,SST,0,12249.327046035804,2019.002628587667,L1,L2/3
467,0,261,147,14.0,Endo,0,2522.381536066929,2026.619047619048,cc,cc
469,0,779,349,5.0,eL4,0,9914.660955638134,2043.864086290243,L2/3,L4
470,0,301,133,2.0,Oligo,0,2086.166730013937,2050.7697960217915,cc,cc
471,0,692,343,3.0,PVALB,0,5163.644534376946,2058.5639953749,L6,L6
472,0,947,420,0.0,eL2/3,0,12614.597120523991,2083.2944974820034,L1,L2/3
473,0,425,233,1.0,eL6-2,0,3174.1782348346783,2071.441655818797,cc,L6
475,0,733,360,1.0,eL6-2,0,4701.313734798963,2088.9599751670744,L6,L6
476,0,517,240,1.0,Micro,0,6500.3934709842415,2062.2763548835983,L5,L5
477,0,707,336,4.0,eL2/3,0,11264.252663549149,2100.91920165839,L2/3,L2/3
479,0,327,197,15.0,eL4,0,9130.210666946088,2110.9741185099806,L4,L4
480,0,1086,427,3.0,PVALB,0,10750.387593222124,2129.216723324637,L2/3,L2/3
481,0,446,262,3.0,eL6-2,0,3428.0169431835966,2106.3017295351383,L6,L6
482,0,477,254,7.0,HPC,0,337.5853822716644,2104.651668674272,HPC,HPC
483,0,316,169,6.0,SST,0,12088.09801207851,2121.443256165073,L2/3,L2/3
484,0,460,249,0.0,eL6-2,0,3812.059185918592,2124.0699669967,L6,L6
485,0,551,265,0.0,eL6-1,0,5413.996319292114,2132.80057255456,L5,L6
486,0,467,238,8.0,PVALB,0,8682.971725193762,2126.9429719644054,L4,L4
487,0,629,336,4.0,eL2/3,0,10433.53763899367,2137.1695804769247,L2/3,L2/3
488,0,624,307,3.0,eL4,0,12316.578089530554,2127.005311904113,L1,L2/3
492,0,520,247,0.0,Oligo,0,11364.6960888216,2163.473832954832,L2/3,L2/3
493,0,269,180,8.0,eL2/3,0,11064.726384708802,2149.4633296372563,L2/3,L2/3
494,0,278,136,8.0,Oligo,0,2620.13862968723,2182.843312597201,cc,cc
495,0,502,258,8.0,eL4,0,8496.021765913758,2185.2718685831624,L4,L4
496,0,280,173,2.0,eL2/3,0,12201.394696738798,2176.772833485726,L1,L2/3
497,0,225,122,13.0,Micro,0,6304.272741109025,2183.4504084014,L5,L5
499,0,669,292,0.0,eL6-2,0,5189.623860157356,2246.767949435428,L6,L6
500,0,364,197,1.0,Astro-2,0,3177.2049806178784,2189.509691060731,cc,L6
502,0,863,377,2.0,Reln,0,13042.421541944002,2206.336791613894,L1,L2/3
503,0,494,243,6.0,eL6-2,0,3705.1120896717375,2216.756605284228,L6,L6
504,0,502,282,5.0,eL4,0,9477.672614832649,2217.9689373554265,L2/3,L4
505,0,1168,481,3.0,eL5,0,7248.250865392733,2222.635944052008,L5,L5
506,0,501,255,1.0,eL4,0,7624.078644475637,2212.610266693403,L4,L5
507,0,304,143,7.0,Oligo,0,2081.3231816079806,2257.276474862919,cc,cc
508,0,520,277,12.0,eL4,0,8784.93323505635,2217.8636169099814,L4,L4
509,0,624,301,2.0,eL6-2,0,4035.588924802368,2205.416488181004,L6,L6
510,0,801,378,8.0,eL2/3,0,11604.559972700905,2249.071796621737,L2/3,L2/3
511,0,405,241,2.0,eL6-2,0,3560.021199402433,2230.532759479263,L6,L6
513,0,554,277,1.0,eL6-1,0,6576.766605363329,2262.367477866644,L5,L5
514,0,882,387,5.0,eL2/3,0,12233.935237588788,2282.498119800965,L1,L2/3
515,0,563,268,6.0,eL4,0,10307.7912354021,2276.3574971683006,L2/3,L2/3
516,0,262,154,12.0,Endo,0,6417.2165647214415,2279.929575136386,L5,L5
517,0,230,123,7.0,Oligo,0,1581.4925633206797,2294.6060115750824,cc,cc
518,0,445,213,8.0,eL2/3,0,10558.71812537212,2298.1801054690823,L2/3,L2/3
519,0,1221,444,11.0,Astro-1,0,6947.637525399662,2306.617523930766,L5,L5
520,0,314,171,1.0,eL4,0,9010.966353174836,2302.7943220982534,L4,L4
521,0,222,129,7.0,Endo,0,3166.387577738797,2301.763275394674,cc,L6
522,0,1165,448,7.0,eL2/3,0,12545.926479971642,2277.1313954862344,L1,L2/3
523,0,662,338,8.0,eL6-2,0,3356.3993684210527,2300.6416842105264,L6,L6
524,0,360,208,5.0,eL6-2,0,3607.285243249969,2318.858218240637,L6,L6
526,0,236,125,3.0,Endo,0,9188.23651235642,2302.8447035618983,L4,L4
527,0,261,143,11.0,Astro-2,0,1357.3006037496027,2342.230695900858,cc,cc
528,0,562,291,9.0,eL4,0,8217.042637122833,2311.102144445844,L4,L4
529,0,520,256,1.0,eL4,0,9380.86202759448,2317.1535692861426,L4,L4
530,0,595,299,5.0,eL4,0,9794.00145658846,2320.6014149716484,L2/3,L4
531,0,637,275,1.0,eL4,0,11382.334001359912,2373.467845256415,L2/3,L2/3
533,0,604,282,0.0,eL6-2,0,4021.153589652908,2358.057090890719,L6,L6
534,0,207,107,7.0,Oligo,0,1433.91992155581,2363.556545187122,cc,cc
535,0,508,276,8.0,eL4,0,10183.901622498648,2359.514169821525,L2/3,L2/3
536,0,390,191,8.0,Astro-2,0,12979.17099544702,2367.484685430464,L1,L2/3
537,0,280,141,5.0,Oligo,0,2676.5566769792563,2385.187655322818,cc,cc
538,0,1049,440,4.0,eL5,0,6299.526419146978,2384.8474071801165,L5,L5
539,0,233,134,1.0,eL4,0,10913.24751222318,2382.2185217141214,L2/3,L2/3
540,0,691,340,2.0,eL6-2,0,3861.9744717282174,2394.6819473090245,L6,L6
541,0,632,320,2.0,eL4,0,9879.706016987946,2402.255124357866,L2/3,L4
543,0,795,359,1.0,eL2/3,0,11910.411625450704,2418.077575845868,L2/3,L2/3
544,0,303,185,6.0,HPC,0,56.796475078581054,2397.136955545577,HPC,HPC
546,0,354,164,15.0,eL2/3,0,12793.886234223655,2400.143997651893,L1,L2/3
547,0,483,261,5.0,eL6-2,0,4897.680806481654,2403.217498603092,L6,L6
548,0,394,223,13.0,eL4,0,9065.103145478375,2435.4258191349936,L4,L4
549,0,222,111,1.0,Oligo,0,1519.775072054585,2442.446326686665,cc,cc
550,0,268,152,5.0,Endo,0,12339.975925462732,2476.581853426713,L1,L2/3
551,0,517,271,6.0,eL4,0,8971.45256760863,2480.758553631116,L4,L4
552,0,374,173,8.0,Endo,0,8762.017298556959,2481.3356637088823,L4,L4
553,0,523,261,5.0,VIP,0,10775.797955850589,2477.902323376008,L2/3,L2/3
554,0,418,224,4.0,eL5,0,5875.07868852459,2468.329309488326,L5,L5
555,0,402,207,2.0,eL4,0,9214.418371141688,2491.5673732490395,L4,L4
556,0,792,331,1.0,eL4,0,7949.356976611088,2481.914800259453,L4,L4
557,0,575,294,8.0,eL4,0,8375.271878188525,2507.426026214582,L4,L4
558,0,398,216,11.0,eL6-1,0,4675.608398987057,2501.907357906584,L6,L6
559,0,400,177,0.0,Astro-2,0,8619.853753656158,2505.9441555627777,L4,L4
560,0,337,182,8.0,Astro-2,0,10357.302654356608,2515.3481438738218,L2/3,L2/3
561,0,328,186,2.0,Endo,0,10908.300122216908,2515.183750464956,L2/3,L2/3
562,0,485,262,2.0,eL4,0,9323.36140485804,2518.036210985067,L4,L4
563,0,202,116,11.0,Astro-2,0,11593.626422463134,2542.120059255269,L2/3,L2/3
564,0,248,141,0.0,eL2/3,0,11701.318829445454,2543.315616706244,L2/3,L2/3
565,0,794,373,8.0,eL6-2,0,6260.788397992902,2527.96724187166,L5,L5
566,0,380,209,0.0,eL6-2,0,3188.882249182585,2567.1090173808293,L6,L6
567,0,282,144,5.0,Oligo,0,1894.2250187611849,2578.2832650233795,cc,cc
568,0,706,342,15.0,eL4,0,7833.776540652511,2592.4453219402726,L4,L4
569,0,651,313,15.0,Reln,0,5160.499735589635,2568.470474175921,L6,L6
570,0,869,399,2.0,eL6-2,0,4750.559976914432,2604.1309498496403,L6,L6
572,0,367,206,10.0,eL4,0,9406.123972292356,2577.8192529293715,L4,L4
574,0,586,296,5.0,eL4,0,9640.303373893805,2588.301898967552,L2/3,L4
575,0,554,278,12.0,VIP,0,10758.184289426345,2600.2797821307217,L2/3,L2/3
576,0,637,306,8.0,eL2/3,0,12354.714457624204,2600.379061371841,L1,L2/3
577,0,321,178,13.0,eL6-1,0,3543.3048075567463,2602.215423657127,L6,L6
579,0,648,316,7.0,eL2/3,0,11423.227783415485,2617.730719049,L2/3,L2/3
580,0,347,190,2.0,Astro-2,0,4380.546015770907,2625.934426229508,L6,L6
581,0,474,253,6.0,eL4,0,8859.519299087855,2609.6089294287085,L4,L4
583,0,552,287,11.0,eL2/3,0,11070.157117198023,2634.4453075886845,L2/3,L2/3
584,0,831,384,2.0,eL2/3,0,12081.764841321616,2619.7217851797845,L2/3,L2/3
587,0,247,130,13.0,Oligo,0,8246.641001506025,2650.385604919679,L4,L4
588,0,657,310,0.0,eL4,0,8470.13893025315,2634.552702539542,L4,L4
590,0,537,269,8.0,eL6-2,0,6267.937185804589,2662.7124583146683,L5,L5
591,0,248,146,11.0,eL5,0,6510.625669045495,2635.1210414808206,L5,L5
592,0,228,134,6.0,Astro-2,0,7153.176270946758,2640.2403309057486,L5,L5
593,0,307,161,0.0,eL2/3,0,12681.634820112464,2654.794944586996,L1,L2/3
594,0,281,161,5.0,Astro-1,0,8105.333286739353,2696.457459696207,L4,L4
595,0,904,371,4.0,eL5,0,7388.566165718928,2676.173517465475,L4,L4
596,0,384,231,2.0,SST,0,3604.544609213565,2686.614136380212,L6,L6
598,0,666,308,1.0,eL2/3,0,10480.248647384944,2700.224667690869,L2/3,L2/3
599,0,545,296,7.0,eL2/3,0,12540.942860037483,2688.5983486145587,L1,L2/3
600,0,481,242,0.0,eL6-1,0,5183.156844922487,2704.915770337828,L6,L6
601,0,451,240,2.0,eL5,0,5835.864819391135,2696.002208317998,L5,L5
602,0,265,141,2.0,Micro,0,9499.308780891895,2715.613074692807,L2/3,L4
603,0,417,170,0.0,Oligo,0,1302.519166019166,2723.030044030044,cc,cc
604,0,304,179,8.0,eL2/3,0,9599.84628111604,2713.1255170339173,L2/3,L4
605,0,423,193,11.0,eL2/3,0,12245.15578396733,2707.8997384481254,L1,L2/3
606,0,462,214,12.0,Oligo,0,13766.040384044343,2718.9851034346234,L1,L1
608,0,362,173,1.0,Astro-2,0,13659.665962099123,2725.695116618076,L1,L1
609,0,341,201,3.0,Endo,0,7883.186997767857,2720.1506138392856,L4,L4
610,0,584,299,2.0,eL4,0,9169.415213523132,2727.0021352313165,L4,L4
611,0,272,155,2.0,eL2/3,0,12035.212904248574,2730.176918199112,L2/3,L2/3
612,0,569,291,1.0,eL2/3,0,10107.57192334334,2753.1588162856924,L2/3,L4
613,0,506,256,10.0,eL6-1,0,7146.9185265936085,2762.6715244707098,L5,L5
614,0,767,354,11.0,eL6-2,0,4501.693933665579,2749.4630005155527,L6,L6
615,0,292,151,3.0,Micro,0,13152.81228542756,2755.9526752231554,L1,L1
616,0,308,159,0.0,Astro-2,0,8902.434525080043,2774.296157950907,L4,L4
617,0,430,238,3.0,Astro-2,0,11024.439561519934,2761.817234429533,L2/3,L2/3
618,0,241,130,1.0,Micro,0,4278.245867313202,2773.760800088164,L6,L6
619,0,255,130,2.0,Oligo,0,6125.49839151674,2756.5185273442157,L5,L5
620,0,639,318,7.0,eL6-2,0,3308.459788761563,2755.24485710341,L6,L6
621,0,451,228,0.0,eL6-1,0,7457.7196646774655,2762.800416785072,L4,L4
622,0,718,351,2.0,eL2/3,0,9888.003608516095,2774.235114871096,L2/3,L4
624,0,820,396,2.0,eL2/3,0,10876.802909497832,2805.5304238355016,L2/3,L2/3
625,0,703,341,10.0,eL2/3,0,12590.237799290864,2814.244810963706,L1,L2/3
626,0,669,319,5.0,eL4,0,7895.625663589842,2823.621359223301,L4,L4
627,0,438,241,8.0,Endo,0,8243.272920669777,2836.9644866867966,L4,L4
628,0,211,111,5.0,Astro-1,0,5898.841770908376,2819.30958150501,L5,L5
629,0,333,167,11.0,Oligo,0,6639.10510185686,2828.540111772129,L5,L5
630,0,209,113,8.0,Oligo,0,2876.790802927865,2823.883220651506,cc,cc
631,0,751,383,11.0,eL2/3,0,11668.687449478086,2821.1651846905424,L2/3,L2/3
632,0,232,142,2.0,Astro-1,0,6494.3817932453285,2835.134236242071,L5,L5
633,0,291,143,0.0,Oligo,0,2423.9146533831467,2856.5571606475714,cc,cc
634,0,246,160,4.0,eL6-1,0,3480.7603872529244,2841.6495562726905,L6,L6
636,0,207,123,1.0,Oligo,0,6720.130916154095,2835.816769180965,L5,L5
637,0,647,308,2.0,eL4,0,7023.097568349674,2851.625966397443,L5,L5
638,0,769,364,11.0,eL2/3,0,10540.23349022964,2860.3141135358724,L2/3,L2/3
639,0,412,230,0.0,Reln,0,13118.952590959208,2869.3089104941364,L1,L1
641,0,497,257,8.0,eL4,0,10007.907065706571,2862.7769464446446,L2/3,L4
642,0,682,329,5.0,eL4,0,11886.481489820206,2864.191277218488,L2/3,L2/3
643,0,658,308,8.0,eL4,0,9342.740478397924,2883.394956424995,L4,L4
645,0,647,299,1.0,Oligo,0,11330.104060473665,2889.416553972052,L2/3,L2/3
646,0,468,251,1.0,HPC,0,153.16978417266188,2884.2093525179857,HPC,HPC
647,0,622,307,3.0,eL4,0,8815.986072423399,2901.769071794411,L4,L4
648,0,483,265,2.0,eL4,0,9542.045269286757,2895.4849587578847,L2/3,L4
650,0,310,179,8.0,eL5,0,3882.5834255502273,2913.063014877659,L6,L6
651,0,265,135,0.0,Oligo,0,2398.603375896449,2948.4211999300333,cc,cc
652,0,413,251,2.0,eL4,0,8501.546103025661,2934.131654538491,L4,L4
653,0,391,197,2.0,Endo,0,12926.02696931718,2967.259016850021,L1,L2/3
654,0,428,193,1.0,Oligo,0,3129.341524757663,2963.4027246528685,cc,L6
655,0,663,329,3.0,eL5,0,788.2033155847589,2940.752010875722,HPC,HPC
656,0,374,204,11.0,Micro,0,629.8147021999642,2968.1242622071186,HPC,HPC
657,0,383,203,7.0,Oligo,0,139.79772757299511,2972.393314836834,HPC,HPC
658,0,267,127,3.0,Oligo,0,2617.7005477308294,2972.7917057902973,cc,cc
660,0,256,154,11.0,Micro,0,9938.92293977813,2987.0834653988377,L2/3,L4
661,0,504,272,2.0,eL4,0,10407.896252204586,2975.628659611993,L2/3,L2/3
662,0,301,164,5.0,eL6-1,0,4379.092704808373,2990.079326355552,L6,L6
663,0,325,170,1.0,Micro,0,10044.187956529486,2981.734307262901,L2/3,L4
664,0,355,192,0.0,eL6-2,0,5883.443242166755,2986.6988847583643,L5,L5
665,0,640,307,0.0,eL6-2,0,4932.75169036061,2986.1155079750347,L6,L6
666,0,340,166,11.0,Endo,0,11722.59234777574,2967.600984270964,L2/3,L2/3
667,0,1061,441,11.0,eL2/3,0,10839.36055128277,3006.0455285465678,L2/3,L2/3
669,0,360,179,13.0,Oligo,0,2835.458720524252,3002.1064618359565,cc,cc
670,0,1040,415,2.0,PVALB,0,11273.085073201784,2999.802418841502,L2/3,L2/3
671,0,416,207,8.0,eL2/3,0,12515.513342882912,3001.374873998621,L1,L2/3
672,0,360,167,13.0,Oligo,0,1547.1496354458775,3013.925911385306,cc,cc
673,0,367,187,8.0,Astro-2,0,1244.6431395397228,3048.4453785009778,HPC,cc
674,0,217,134,1.0,Astro-2,0,13673.54529577037,3012.4351887007365,L1,L1
676,0,513,271,8.0,eL6-2,0,3691.8250815118954,3024.4784446322906,L6,L6
677,0,425,213,2.0,eL4,0,9453.903776715137,3035.8316580462574,L4,L4
678,0,453,242,0.0,eL4,0,8243.873990661907,3026.989014007141,L4,L4
679,0,239,111,10.0,Oligo,0,2358.0693064577763,3043.666459686664,cc,cc
680,0,382,202,5.0,eL6-2,0,3817.791589033804,3058.446526483897,L6,L6
681,0,295,165,2.0,eL4,0,8978.076134122288,3061.6869822485205,L4,L4
682,0,255,142,2.0,PVALB,0,9279.678230932202,3050.1325918079096,L4,L4
683,0,316,144,2.0,Oligo,0,10130.150963426931,3068.4330378470195,L2/3,L4
684,0,575,294,13.0,eL2/3,0,12377.327016306745,3068.518192057196,L1,L2/3
685,0,358,202,0.0,eL4,0,8573.483808719773,3067.2795031055903,L4,L4
686,0,325,170,6.0,Reln,0,2728.1598922338057,3085.2604544922106,cc,cc
687,0,269,159,8.0,eL4,0,9121.914787296995,3070.5323821421525,L4,L4
688,0,761,344,15.0,eL6-2,0,752.2757794676806,3086.247946768061,HPC,HPC
689,0,377,192,5.0,Oligo,0,2569.6102011293106,3095.052125624154,cc,cc
690,0,769,341,5.0,PVALB,0,5730.760681240093,3076.250562170532,L5,L5
691,0,474,229,2.0,SST,0,5889.51979805979,3106.5624133834885,L5,L5
692,0,403,221,1.0,eL6-1,0,3605.783277270543,3104.644058488364,L6,L6
693,0,265,157,8.0,eL4,0,8421.82225890769,3087.3010042646856,L4,L4
694,0,343,186,7.0,Oligo,0,1971.5562997986167,3089.067375886525,cc,cc
695,0,309,179,4.0,Micro,0,5281.154065090954,3111.867838138844,L6,L5
696,0,478,277,15.0,eL2/3,0,12520.830922330097,3119.364126213592,L1,L2/3
697,0,207,127,0.0,Micro,0,5162.241007777057,3109.734607906675,L6,L5
698,0,434,209,10.0,Astro-2,0,12843.98581861413,3102.6895380434785,L1,L2/3
699,0,469,263,0.0,eL6-2,0,3109.3718163044546,3115.296882682663,cc,L6
700,0,587,284,0.0,eL5,0,6561.9608535794105,3126.322110878812,L5,L5
701,0,305,137,13.0,SST,0,7830.611671430883,3152.971414702551,L4,L4
702,0,252,132,8.0,Astro-1,0,964.340937256162,3156.9946757240555,HPC,cc
704,0,299,178,8.0,eL4,0,8632.113784949228,3152.707747948254,L4,L4
705,0,357,187,2.0,eL2/3,0,10847.155834136933,3134.1131629701063,L2/3,L2/3
708,0,234,136,1.0,Micro,0,10537.95958780511,3176.6765599772057,L2/3,L2/3
709,0,280,142,0.0,Endo,0,4695.36176132003,3208.6459612432845,L6,L6
710,0,306,149,8.0,Oligo,0,7599.758079889091,3194.717225543713,L4,L4
711,0,229,135,8.0,Endo,0,13191.12100886918,3199.390687361419,L1,L1
713,0,419,251,2.0,eL6-2,0,3493.9919276719406,3211.808976428802,L6,L6
714,0,221,116,13.0,Oligo,0,1957.646922915354,3218.701813344536,cc,cc
715,0,253,127,0.0,Oligo,0,2296.2310702272257,3240.326354088007,cc,cc
716,0,340,204,8.0,eL4,0,9433.626521030948,3237.342962537128,L4,L4
719,0,434,232,3.0,eL6-1,0,4851.737790343145,3222.5469261045514,L6,L6
720,0,546,275,0.0,eL5,0,3163.127510218589,3261.2718144659675,cc,L6
722,0,721,354,2.0,eL4,0,9179.914874057731,3251.387791873506,L4,L4
723,0,862,380,5.0,eL6-2,0,5420.877745478037,3292.023158914729,L5,L5
725,0,495,279,10.0,eL6-2,0,3398.559895833333,3276.1953125,L6,L6
726,0,256,148,6.0,Endo,0,4023.736671030653,3294.9179721005826,L6,L6
728,0,434,241,10.0,eL6-2,0,3834.500066693344,3289.026277177538,L6,L6
730,0,591,222,7.0,Oligo,0,2607.8250893921336,3307.9735134419284,cc,cc
732,0,534,282,2.0,eL4,0,8987.674425934263,3300.910895992796,L4,L4
735,0,369,188,2.0,Astro-2,0,4817.730285572694,3353.1290962026883,L6,L6
737,0,314,180,11.0,eL2/3,0,12381.584829928472,3345.110070498637,L1,L2/3
738,0,287,147,10.0,Oligo,0,2867.6110561353003,3324.5036433969053,cc,cc
739,0,521,251,1.0,eL4,0,8490.711434580016,3372.49313430374,L4,L4
740,0,312,158,8.0,Micro,0,13336.230149253732,3368.3859275053305,L1,L1
741,0,251,142,15.0,Endo,0,3517.274737394958,3374.0822478991595,L6,L6
742,0,356,187,5.0,eL4,0,8228.23807147135,3367.2023857057297,L4,L4
743,0,217,125,10.0,Oligo,0,2287.453808353808,3369.2414004914003,cc,cc
744,0,476,285,8.0,eL6-2,0,3293.5694574483814,3367.3803281919872,L6,L6
745,0,254,155,8.0,eL4,0,7617.107940131913,3355.62626839168,L4,L4
746,0,594,280,1.0,eL5,0,6150.335023493222,3418.905993306967,L5,L5
747,0,802,389,2.0,eL5,0,6928.143421017059,3400.29711535862,L5,L5
748,0,454,218,8.0,Astro-2,0,1369.396909098284,3414.77601103314,cc,cc
749,0,266,155,1.0,Astro-2,0,7824.126729013832,3414.199081592653,L4,L4
750,0,464,207,1.0,Oligo,0,13568.302459877006,3446.2591495425227,L1,L1
751,0,361,184,0.0,Oligo,0,2826.7049630060687,3478.282483997007,cc,cc
752,0,903,475,3.0,eL2/3,0,10959.170543849212,3460.2812548921383,L2/3,L2/3
753,0,306,191,12.0,eL4,0,6394.79009075024,3460.967363733724,L5,L5
754,0,644,312,6.0,SST,0,7990.409354937328,3482.4470727606235,L4,L4
755,0,201,103,0.0,Oligo,0,2258.627073815821,3489.1977037749457,cc,cc
757,0,420,216,0.0,Astro-1,0,7090.425116237482,3469.077297925608,L5,L5
758,0,381,208,8.0,Astro-2,0,3410.134151547492,3543.6117395944502,L6,L6
761,0,902,401,0.0,eL4,0,9857.723982184303,3496.2567906655795,L2/3,L4
762,0,698,334,5.0,eL4,0,9392.922944871443,3495.6934961569973,L4,L4
763,0,399,197,0.0,Oligo,0,1501.3238988068538,3497.6942675159235,cc,cc
764,0,314,183,4.0,eL4,0,8820.197089332714,3515.3965010063475,L4,L4
765,0,558,300,2.0,eL6-2,0,4729.7924257714985,3524.9641472353533,L6,L6
767,0,594,334,1.0,eL4,0,8236.942511525276,3519.266952992632,L4,L4
768,0,741,384,8.0,eL2/3,0,12119.741650462252,3520.751100194453,L2/3,L2/3
769,0,287,175,7.0,Astro-2,0,5463.881487558107,3538.7068635493574,L5,L5
770,0,273,170,3.0,Micro,0,6352.536599241466,3533.610872313527,L5,L5
771,0,591,292,2.0,eL4,0,8686.976694141053,3553.2972918104674,L4,L4
772,0,425,203,5.0,Astro-1,0,7471.354924142106,3569.81744920737,L4,L4
774,0,509,276,4.0,eL4,0,8911.174744494785,3555.4040670108525,L4,L4
775,0,290,172,13.0,eL6-2,0,4185.253319768687,3567.887342043264,L6,L6
776,0,279,168,7.0,Astro-1,0,7130.722304011778,3569.700834253466,L5,L5
777,0,407,262,1.0,eL2/3,0,11851.669934346612,3558.2161165572443,L2/3,L2/3
778,0,410,229,8.0,eL2/3,0,11246.724559725875,3575.227109729859,L2/3,L2/3
779,0,375,216,11.0,eL2/3,0,12516.297523681886,3568.8437452407784,L1,L2/3
780,0,321,174,13.0,Endo,0,5946.968055960361,3618.7118041387353,L5,L5
781,0,584,314,8.0,eL6-2,0,3807.418459370596,3605.9641615782057,L6,L6
782,0,417,205,13.0,Astro-2,0,1103.228938049995,3607.852504995968,HPC,cc
784,0,875,388,1.0,eL4,0,7270.183200653195,3609.4439001156697,L5,L4
785,0,231,128,1.0,Endo,0,1601.9652957247283,3611.831499667725,cc,cc
786,0,747,365,11.0,eL6-2,0,4482.72179038497,3657.349825013815,L6,L6
787,0,894,402,0.0,PVALB,0,4799.313381585592,3636.806261572126,L6,L6
788,0,625,345,3.0,eL5,0,738.7914231950084,3633.9874550196423,HPC,HPC
789,0,629,318,6.0,eL4,0,7679.134628780935,3652.242566452796,L4,L4
790,0,425,254,3.0,Micro,0,11784.41925676884,3671.1820522908542,L2/3,L2/3
791,0,597,310,2.0,Astro-2,0,12202.976982268316,3657.1367346938778,L1,L2/3
792,0,254,143,6.0,eL5,0,6667.059836988934,3653.126300443973,L5,L5
793,0,1189,430,14.0,Oligo,0,2969.7603951666238,3621.2846321864417,cc,L6
795,0,876,406,1.0,eL4,0,7952.439248280926,3664.417751518793,L4,L4
797,0,548,317,0.0,eL2/3,0,12375.090340514244,3671.052660026253,L1,L2/3
798,0,456,249,0.0,eL2/3,0,10333.018353271247,3695.358570704906,L2/3,L2/3
799,0,376,213,0.0,eL5,0,6525.965982224946,3709.4664857055295,L5,L5
800,0,685,301,5.0,eL2/3,0,10033.637036250357,3712.835209572359,L2/3,L2/3
801,0,323,181,7.0,Oligo,0,1651.940743165821,3723.521471053637,cc,cc
802,0,489,265,3.0,eL6-2,0,3609.4793792517007,3714.0857780612246,L6,L6
803,0,430,242,6.0,eL4,0,5773.305833552805,3762.9867658677904,L5,L5
804,0,389,223,2.0,eL2/3,0,8453.771813626678,3728.040718769798,L4,L4
805,0,547,283,8.0,eL6-2,0,3776.402959899886,3744.232493606834,L6,L6
806,0,543,282,8.0,eL4,0,8712.713638080846,3742.9891386475256,L4,L4
807,0,612,320,8.0,eL2/3,0,9047.867991290146,3744.645924060969,L4,L4
808,0,362,178,2.0,Astro-2,0,8203.847209245143,3735.348856651094,L4,L4
809,0,430,246,1.0,eL4,0,8582.778913420987,3762.574696105185,L4,L4
810,0,331,198,11.0,Reln,0,5417.186598249321,3775.660066405071,L5,L5
811,0,452,239,3.0,Reln,0,9408.94731475187,3763.201903467029,L4,L4
812,0,698,337,5.0,eL5,0,6032.546969509937,3774.3969880261698,L5,L5
813,0,403,216,2.0,eL4,0,9550.15698034176,3795.349040887239,L2/3,L4
814,0,718,358,1.0,eL5,0,672.3368716827973,3810.069466125508,HPC,HPC
815,0,446,245,11.0,eL2/3,0,3902.030204126791,3796.8858217624606,L6,L6
816,0,1183,463,1.0,PVALB,0,4230.941938231095,3809.1690504220624,L6,L6
817,0,496,246,9.0,Astro-2,0,5895.484719535783,3791.68051948052,L5,L5
818,0,553,302,8.0,eL4,0,9276.418332742824,3811.685832869363,L4,L4
819,0,425,174,10.0,Oligo,0,3048.6249896428867,3808.400903140277,cc,L6
820,0,287,148,15.0,Micro,0,6704.930691592503,3811.354298215085,L5,L5
821,0,385,209,5.0,eL2/3,0,12560.932523775838,3808.828342372082,L1,L2/3
822,0,671,374,1.0,eL2/3,0,10333.050259760705,3816.279203400504,L2/3,L2/3
823,0,459,209,11.0,Oligo,0,1844.427432359792,3810.702024726752,cc,cc
824,0,349,165,0.0,Oligo,0,2236.43841770309,3841.228692650056,cc,cc
825,0,288,156,5.0,Endo,0,108.01540766103146,3832.4850203295528,HPC,HPC
826,0,279,147,5.0,Astro-2,0,1438.3206240057475,3826.68994714425,cc,cc
827,0,217,124,5.0,eL4,0,8879.554695895122,3829.4031807436063,L4,L4
828,0,235,143,5.0,eL6-2,0,3578.1234880227685,3838.770495691359,L6,L6
829,0,364,185,11.0,Astro-2,0,7448.770508826584,3819.146733486839,L4,L4
830,0,931,453,8.0,eL2/3,0,10576.75194736842,3822.140578947368,L2/3,L2/3
832,0,645,324,11.0,eL6-1,0,6302.396338883975,3841.6976118140215,L5,L5
833,0,465,243,0.0,Endo,0,12992.620841804732,3845.9296621533936,L1,L1
835,0,317,181,5.0,Micro,0,2725.083333333333,3874.883493418712,cc,L6
836,0,492,269,6.0,eL6-2,0,3774.118692543412,3865.109567585972,L6,L6
837,0,251,158,5.0,eL6-2,0,4009.71320954206,3865.1050023128255,L6,L6
838,0,692,370,10.0,eL2/3,0,10959.01313668846,3894.057625057017,L2/3,L2/3
840,0,1156,485,1.0,eL2/3,0,9777.32463435618,3914.921598905826,L2/3,L4
841,0,372,200,0.0,Astro-2,0,12823.947593435389,3842.2632280604976,L1,L1
842,0,441,195,11.0,Oligo,0,1749.1158090305146,3885.929343542394,cc,cc
843,0,283,160,8.0,eL6-2,0,3282.6495668034654,3904.619699042408,L6,L6
844,0,265,155,11.0,Astro-2,0,5861.07499814361,3897.4433801143537,L5,L5
845,0,423,238,2.0,eL4,0,7759.277459341069,3892.388741320658,L4,L4
846,0,343,184,1.0,Endo,0,1063.2117562466294,3894.467433638924,HPC,HPC
847,0,788,411,1.0,eL2/3,0,11682.884092443188,3914.2666580952073,L2/3,L2/3
848,0,356,188,5.0,Astro-2,0,6156.4939314739895,3933.7135798933086,L5,L5
850,0,211,123,14.0,eL5,0,7133.851342953808,3923.460747082787,L5,L5
851,0,605,291,3.0,Endo,0,13123.788228652082,3866.35525758645,L1,L1
852,0,557,263,9.0,Reln,0,5178.4654135910505,3925.994064378662,L6,L5
853,0,616,294,3.0,PVALB,0,7322.985408943923,3939.730183768436,L5,L4
854,0,662,320,2.0,Reln,0,8919.350394226914,3961.0973317296985,L4,L4
855,0,225,144,3.0,eL6-2,0,3863.6654873220455,3937.316738269733,L6,L6
856,0,622,302,1.0,eL4,0,8513.791838161062,3981.253358701561,L4,L4
857,0,356,201,10.0,Endo,0,12887.398082629536,3975.558913490071,L1,L1
858,0,229,122,5.0,Astro-1,0,782.412162597436,3939.2093023255816,HPC,HPC
859,0,703,334,9.0,eL6-1,0,12078.410949241746,3982.05895119503,L2/3,L2/3
860,0,700,344,5.0,eL4,0,7935.386518546413,3958.6381095838815,L4,L4
861,0,320,166,8.0,eL4,0,9099.131545899789,3967.9343212357153,L4,L4
863,0,203,130,2.0,eL6-2,0,3750.048136768298,3970.447490742929,L6,L6
864,0,332,167,5.0,Astro-2,0,1034.226384364821,3998.237649294245,HPC,HPC
865,0,835,392,5.0,Oligo,0,4769.427440025344,3992.3423379316314,L6,L6
866,0,648,325,8.0,eL4,0,9235.25814054998,3998.9921431689218,L4,L4
867,0,453,243,5.0,eL6-2,0,3456.8155401712515,3988.73537985061,L6,L6
868,0,218,139,3.0,eL2/3,0,12491.708645336965,4008.238635504122,L1,L2/3
869,0,634,330,10.0,eL2/3,0,10157.439786500612,4012.1302494532783,L2/3,L2/3
870,0,378,205,6.0,VIP,0,10538.738789176135,4038.88435150118,L2/3,L2/3
871,0,277,145,1.0,Oligo,0,748.4462719298245,4043.666860165119,HPC,HPC
872,0,956,399,6.0,Reln,0,5588.019769409111,4023.030609687324,L5,L5
873,0,919,442,0.0,eL2/3,0,11490.64479064076,4026.507804339392,L2/3,L2/3
874,0,276,132,8.0,Oligo,0,1772.644380733945,4035.4541857798167,cc,cc
875,0,471,239,1.0,eL4,0,8191.038769906645,4025.356562328391,L4,L4
876,0,541,278,0.0,Micro,0,11777.84633503673,4081.345456723092,L2/3,L2/3
877,0,519,261,5.0,Micro,0,271.6287620029645,4060.636914352001,HPC,HPC
878,0,603,309,2.0,eL6-2,0,3342.2850573666,4059.946275723912,L6,L6
879,0,706,353,8.0,eL6-1,0,5852.138549633604,4056.028150402434,L5,L5
880,0,754,350,1.0,PVALB,0,7719.53205760505,4061.326034063261,L4,L4
881,0,483,237,2.0,eL5,0,6884.285560923242,4043.078739832363,L5,L5
882,0,498,252,8.0,eL4,0,9016.514427307677,4071.1742855819552,L4,L4
883,0,382,215,7.0,VIP,0,10429.488068181818,4068.428282828283,L2/3,L2/3
884,0,290,144,2.0,Oligo,0,1366.691427179737,4064.546273745738,cc,cc
886,0,871,454,8.0,eL2/3,0,10954.612974456912,4066.948555741227,L2/3,L2/3
887,0,419,225,1.0,eL4,0,8054.225613528562,4090.966642606723,L4,L4
888,0,458,230,5.0,HPC,0,520.0736071235385,4119.050014563309,HPC,HPC
889,0,786,357,11.0,eL4,0,8786.693620537368,4055.975524973645,L4,L4
890,0,673,304,4.0,Oligo,0,7196.321908464634,4122.946661210013,L5,L5
891,0,356,203,2.0,eL4,0,8234.372737719046,4125.408718758978,L4,L4
892,0,600,332,2.0,eL2/3,0,11660.28853403363,4105.897793214452,L2/3,L2/3
893,0,231,106,5.0,Oligo,0,2319.6146824438542,4116.463076551558,cc,cc
894,0,268,162,7.0,Endo,0,8336.307028581701,4104.684522739529,L4,L4
895,0,252,136,1.0,Endo,0,9305.39175919389,4114.55939926834,L4,L4
897,0,362,194,5.0,Oligo,0,3783.48225340487,4135.830633512175,L6,L6
898,0,1042,364,13.0,SST,0,5578.880079911676,4178.390568319226,L5,L5
899,0,254,135,9.0,Endo,0,12762.8910543131,4156.292058420812,L1,L2/3
900,0,306,138,1.0,Oligo,0,1439.41689574963,4167.933231127088,cc,cc
901,0,364,168,0.0,Astro-2,0,1985.5217171376544,4168.474000134889,cc,cc
902,0,865,396,2.0,eL6-1,0,2951.09466105562,4220.8890635298885,cc,L6
903,0,442,214,0.0,Oligo,0,7337.274406838131,4179.941776227529,L5,L4
904,0,421,228,1.0,eL6-2,0,4685.492397660819,4187.108966861599,L6,L6
905,0,507,266,15.0,eL6-2,0,3669.961091096243,4214.54065877509,L6,L6
906,0,490,277,0.0,eL6-2,0,4449.727996066335,4209.015421751375,L6,L6
907,0,241,139,8.0,eL5,0,6790.297630799605,4214.663499506417,L5,L5
908,0,338,231,8.0,eL2/3,0,11957.344885078004,4245.794390853876,L2/3,L2/3
909,0,306,179,5.0,Astro-2,0,10013.7860017002,4243.505355624823,L2/3,L2/3
910,0,387,222,1.0,eL6-1,0,7844.891001335113,4251.748891855807,L4,L4
911,0,318,187,2.0,eL4,0,8104.474934612032,4266.155013077594,L4,L4
912,0,315,210,8.0,eL2/3,0,10382.00836254593,4228.647506018499,L2/3,L2/3
913,0,234,108,11.0,Oligo,0,1356.266998548019,4256.0287907073225,cc,cc
914,0,365,204,2.0,Oligo,0,5847.958099495862,4281.233139922001,L5,L5
915,0,462,196,1.0,Oligo,0,5332.54306606581,4260.01607006207,L6,L5
916,0,674,407,3.0,eL2/3,0,12070.102826193192,4271.171404137482,L2/3,L2/3
917,0,482,251,0.0,eL4,0,9367.796592453224,4242.780460611129,L4,L4
918,0,511,290,11.0,eL2/3,0,10767.546983929566,4272.920073315223,L2/3,L2/3
921,0,491,307,7.0,eL2/3,0,11290.035090993932,4284.933691087261,L2/3,L2/3
922,0,419,225,8.0,Reln,0,5750.941156208738,4303.824214937712,L5,L5
923,0,223,161,8.0,eL5,0,10252.275977301388,4289.637515762925,L2/3,L2/3
924,0,442,219,2.0,eL4,0,7737.191930811179,4299.386971710975,L4,L4
925,0,327,206,9.0,eL2/3,0,8943.660747352928,4304.834860642895,L4,L4
926,0,355,175,0.0,Micro,0,12646.787178180964,4309.792703475841,L1,L2/3
927,0,750,375,5.0,PVALB,0,6303.050603304251,4309.25598663449,L5,L5
928,0,359,219,2.0,eL4,0,9083.162116381029,4314.891490633719,L4,L4
930,0,612,318,11.0,eL5,0,6712.636660309388,4330.937317228227,L5,L5
931,0,237,121,8.0,Oligo,0,1948.3699293048307,4352.741415586602,cc,cc
932,0,488,231,11.0,Astro-2,0,10098.50818359103,4373.87512188327,L2/3,L2/3
933,0,255,153,9.0,eL4,0,8753.996938150643,4325.8959481526845,L4,L4
934,0,330,159,8.0,Oligo,0,2537.5755180892165,4336.26565975881,cc,L6
935,0,261,177,5.0,eL2/3,0,10545.861418614186,4326.389862648626,L2/3,L2/3
936,0,683,348,11.0,HPC,0,505.1563925261145,4349.022068559659,HPC,HPC
937,0,406,263,0.0,eL2/3,0,11370.783754397184,4339.963223536936,L2/3,L2/3
938,0,534,243,2.0,SST,0,9717.470657651336,4324.272182177712,L2/3,L2/3
939,0,471,246,1.0,eL2/3,0,9939.485369805569,4341.076057948913,L2/3,L2/3
940,0,339,155,5.0,Oligo,0,3660.9940001874943,4358.552076497609,L6,L6
941,0,906,365,0.0,Astro-1,0,6479.992010619115,4357.088459226608,L5,L5
942,0,349,192,9.0,Reln,0,7993.258298254089,4362.059554206059,L4,L4
943,0,497,248,8.0,eL6-1,0,5090.3202307969705,4366.631365949433,L6,L5
944,0,543,271,5.0,eL6-2,0,5594.584488984248,4379.427704223141,L5,L5
945,0,654,325,2.0,eL4,0,9282.318675237326,4384.267123579243,L4,L4
946,0,361,202,13.0,Reln,0,13005.224215784216,4365.377462537463,L1,L1
947,0,737,392,2.0,eL2/3,0,11466.868311385231,4387.958868144691,L2/3,L2/3
948,0,792,354,0.0,eL6-2,0,4026.9263911716366,4400.282842216483,L6,L6
949,0,546,283,8.0,eL2/3,0,12262.636831431426,4374.919696098314,L1,L2/3
950,0,472,242,7.0,VIP,0,11857.508624594906,4379.162456005854,L2/3,L2/3
951,0,570,295,8.0,eL6-2,0,3128.709638098441,4388.197637762179,cc,L6
952,0,788,398,4.0,eL2/3,0,10907.856566954895,4409.327734283711,L2/3,L2/3
953,0,337,174,0.0,Astro-2,0,4428.767043748123,4436.620332365602,L6,L6
954,0,244,118,8.0,Oligo,0,5348.317915347638,4438.997713682729,L6,L5
955,0,457,220,2.0,Astro-2,0,5698.067746199604,4435.666115884556,L5,L5
956,0,445,234,1.0,eL5,0,8476.76499357771,4457.631162928565,L4,L4
957,0,383,162,1.0,Oligo,0,1048.8454996456414,4449.125868178597,HPC,HPC
958,0,544,260,1.0,eL4,0,8161.66019132332,4444.022698665772,L4,L4
959,0,201,120,3.0,eL4,0,8604.72531236126,4446.922115811505,L4,L4
960,0,423,227,10.0,eL4,0,7998.739683173589,4458.298256123536,L4,L4
961,0,311,189,7.0,eL6-1,0,9095.53261856138,4441.630530973452,L4,L4
962,0,296,175,5.0,eL4,0,4914.179944331603,4457.843413826826,L6,L6
963,0,336,188,0.0,eL4,0,9745.209134002753,4459.4402874764255,L2/3,L2/3
965,0,731,376,8.0,eL2/3,0,10372.131967080846,4461.246796837179,L2/3,L2/3
967,0,383,194,1.0,Oligo,0,2850.963281090983,4462.509912477101,cc,L6
968,0,979,404,10.0,Astro-1,0,7353.469872953053,4484.15194011873,L5,L4
969,0,308,168,10.0,eL6-2,0,3300.3970514603616,4502.871599443672,L6,L6
970,0,760,334,5.0,eL6-2,0,5954.833000912748,4494.795172576992,L5,L5
971,0,510,265,8.0,Astro-2,0,12773.075481842998,4496.903962279758,L1,L1
972,0,961,414,14.0,eL4,0,7217.1020493226815,4512.548662730114,L5,L4
973,0,376,207,1.0,Astro-2,0,11523.030463836478,4523.458529874214,L2/3,L2/3
974,0,329,162,0.0,Astro-2,0,1761.8012567324954,4522.6203321364455,cc,cc
975,0,582,275,9.0,PVALB,0,6377.52802425318,4532.388309671695,L5,L5
976,0,263,144,6.0,Oligo,0,2160.076777382548,4533.918141081906,cc,cc
977,0,604,304,0.0,eL6-2,0,4667.585570599613,4535.211528046421,L6,L6
978,0,217,111,8.0,Astro-2,0,1527.9428313912315,4568.551406682547,cc,cc
979,0,220,137,11.0,eL5,0,3020.7697645079897,4585.121250350435,cc,L6
980,0,628,293,4.0,eL6-2,0,2673.1640915119365,4595.941677718833,cc,L6
981,0,298,159,2.0,Astro-2,0,8958.317872790452,4606.870876768898,L4,L4
982,0,364,220,12.0,eL2/3,0,12504.30720104802,4606.0747533467065,L1,L2/3
983,0,332,173,5.0,Astro-2,0,875.4499160928187,4599.630461200162,HPC,HPC
984,0,510,265,2.0,eL4,0,8133.257246243031,4604.292249750766,L4,L4
985,0,207,110,9.0,Astro-2,0,1030.0868077827668,4611.247095716628,HPC,HPC
986,0,354,197,0.0,eL4,0,7737.279278482692,4601.05004642115,L4,L4
987,0,303,170,1.0,Endo,0,12274.832792875086,4608.4011418132,L1,L2/3
988,0,358,210,9.0,eL6-2,0,3712.8639221253297,4610.232474819171,L6,L6
989,0,325,198,11.0,PVALB,0,6594.734809054995,4615.532012290713,L5,L5
990,0,326,176,0.0,Astro-2,0,789.2481446101845,4603.150635608788,HPC,HPC
991,0,290,154,11.0,Endo,0,5386.76629618504,4617.030554005922,L6,L5
992,0,669,341,3.0,eL2/3,0,9737.27729442432,4635.883442228917,L2/3,L2/3
993,0,632,308,7.0,eL6-2,0,4308.290650632817,4639.493374902572,L6,L6
994,0,267,147,3.0,Micro,0,9161.504534749713,4620.636368191612,L4,L4
995,0,637,301,1.0,PVALB,0,6711.153800973318,4613.8250964927,L5,L5
996,0,588,274,7.0,eL4,0,10022.468123297846,4595.155886358009,L2/3,L2/3
998,0,391,209,2.0,eL6-2,0,3258.6226586263942,4655.707881957415,L6,L6
999,0,320,183,1.0,eL5,0,4690.949620920778,4651.410669157235,L6,L6
1000,0,376,187,0.0,Oligo,0,1400.2865769560517,4631.991016513214,cc,cc
1001,0,413,195,5.0,eL6-1,0,10503.717276784217,4660.155789685602,L2/3,L2/3
1002,0,788,407,7.0,eL2/3,0,11439.904257595208,4660.364142062474,L2/3,L2/3
1003,0,948,395,0.0,eL6-2,0,4090.799374894408,4671.37610519795,L6,L6
1004,0,674,308,5.0,Astro-1,0,7869.895979634832,4685.837283473783,L4,L4
1005,0,204,129,11.0,eL6-2,0,3735.951704829517,4693.144085591441,L6,L6
1006,0,286,157,5.0,eL4,0,9277.507731958764,4693.20444737473,L4,L4
1007,0,448,221,14.0,Micro,0,463.196161116766,4696.772429838592,HPC,HPC
1008,0,419,227,2.0,eL6-1,0,10673.248412040874,4714.933305716653,L2/3,L2/3
1009,0,266,147,2.0,eL4,0,8658.989515786921,4699.540573298588,L4,L4
1010,0,536,294,0.0,eL4,0,8795.684210526315,4709.1822348664455,L4,L4
1011,0,772,347,5.0,eL6-2,0,2944.235428695936,4720.446925954171,cc,L6
1012,0,281,145,1.0,eL4,0,8071.622312012053,4716.891453225586,L4,L4
1013,0,371,205,11.0,eL2/3,0,11142.130824877866,4749.690811724916,L2/3,L2/3
1014,0,436,243,2.0,Reln,0,13656.69964118986,4746.997492187199,L1,L1
1015,0,648,313,5.0,Astro-2,0,11393.03633260937,4761.438814768849,L2/3,L2/3
1017,0,460,218,10.0,Astro-2,0,6947.481365435357,4727.707330145119,L5,L5
1018,0,277,148,11.0,Reln,0,12685.374858937246,4757.397723369805,L1,L2/3
1019,0,235,152,2.0,Micro,0,6671.79757130754,4759.8360914995765,L5,L5
1020,0,585,287,11.0,eL2/3,0,12162.600763205462,4753.718497690299,L2/3,L2/3
1021,0,317,172,1.0,Oligo,0,1455.5865101095198,4786.724831508003,cc,cc
1022,0,562,292,1.0,PVALB,0,10793.018026250207,4802.818491443762,L2/3,L2/3
1023,0,731,345,8.0,eL6-2,0,3258.451582477468,4807.018060504436,L6,L6
1024,0,586,276,4.0,eL2/3,0,9756.84820941647,4809.13953826577,L2/3,L2/3
1025,0,456,252,7.0,eL4,0,9081.348613173845,4802.743025729539,L4,L4
1026,0,282,146,0.0,Oligo,0,5880.68628475852,4829.817896717541,L5,L5
1027,0,502,280,8.0,PVALB,0,10929.024936770644,4845.151262368549,L2/3,L2/3
1028,0,819,401,2.0,eL6-1,0,6842.852587306512,4838.293791153859,L5,L5
1029,0,283,172,8.0,Oligo,0,5687.235388847883,4832.351070254311,L5,L5
1030,0,815,355,5.0,eL4,0,7069.765557719207,4845.148514851485,L5,L5
1031,0,1252,495,11.0,Astro-1,0,6167.756343674548,4819.3719192747485,L5,L5
1032,0,430,219,0.0,eL4,0,8765.659681859895,4834.11767105129,L4,L4
1033,0,642,283,11.0,eL4,0,9276.601283442646,4849.864908224414,L4,L4
1034,0,251,137,2.0,Oligo,0,10248.47481249631,4837.002185082383,L2/3,L2/3
1035,0,509,258,1.0,eL6-2,0,4249.138526384048,4834.268379670909,L6,L6
1036,0,383,223,11.0,eL2/3,0,11957.459394356503,4864.74759119064,L2/3,L2/3
1037,0,333,199,10.0,eL2/3,0,10609.80859300325,4861.932469891034,L2/3,L2/3
1038,0,337,183,5.0,Micro,0,12114.7479389747,4864.033639723301,L2/3,L2/3
1039,0,387,190,5.0,Astro-2,0,1023.3101404458188,4854.666838465833,HPC,HPC
1040,0,421,190,0.0,Oligo,0,3046.811096600244,4844.692547499684,cc,L6
1041,0,441,248,1.0,eL4,0,7865.059959118783,4867.803467332879,L4,L4
1042,0,293,158,2.0,Oligo,0,8394.983724680036,4872.10112869092,L4,L4
1043,0,232,129,10.0,Endo,0,10119.842908146706,4870.221032132425,L2/3,L2/3
1044,0,288,130,2.0,SST,0,842.5700968460303,4893.062302553213,HPC,HPC
1045,0,381,197,14.0,eL4,0,9393.687805994052,4903.03065660032,L4,L4
1046,0,374,183,5.0,eL6-1,0,4584.756619432055,4904.72060068876,L6,L6
1047,0,493,235,9.0,eL4,0,8583.070188310101,4887.5211950762205,L4,L4
1048,0,704,352,0.0,eL2/3,0,9172.861159564747,4935.006354348368,L4,L4
1049,0,781,394,5.0,eL2/3,0,9650.695278823128,4921.405576462538,L2/3,L2/3
1050,0,474,249,8.0,Astro-2,0,4041.876325651862,4901.124511601945,L6,L6
1051,0,542,298,2.0,eL5,0,5699.339796122326,4934.116330201879,L5,L5
1052,0,435,245,1.0,eL4,0,8195.403888865609,4927.949964380003,L4,L4
1053,0,766,352,1.0,eL6-2,0,3535.8245196804105,4894.46682521444,L6,L6
1054,0,231,161,8.0,eL6-2,0,13126.982982736705,4913.066551851396,L1,L1
1055,0,500,251,1.0,eL6-2,0,4356.126633493001,4942.568804352881,L6,L6
1056,0,238,140,2.0,Astro-2,0,677.3316227521669,4945.222691793523,HPC,HPC
1057,0,704,334,1.0,SST,0,11435.860551867903,4935.042816391464,L2/3,L2/3
1058,0,888,418,2.0,eL6-1,0,6305.091071569374,4947.554445817016,L5,L5
1059,0,225,116,1.0,Micro,0,5356.608802938138,4949.992482497418,L6,L5
1061,0,419,231,0.0,PVALB,0,213.6043513925237,4960.11417522753,HPC,HPC
1062,0,740,393,10.0,eL6-2,0,2768.6514756120705,4948.617266084646,cc,L6
1063,0,203,130,2.0,Astro-2,0,12374.41463869464,4997.381724941725,L1,L2/3
1064,0,301,183,0.0,eL2/3,0,10335.23159303882,4980.541900937082,L2/3,L2/3
1065,0,541,280,8.0,eL6-1,0,10894.339275918815,4983.923325409886,L2/3,L2/3
1066,0,246,130,5.0,Astro-1,0,1207.1470715600303,4989.7007145177,HPC,cc
1067,0,458,240,5.0,eL6-1,0,5059.993476959904,4995.468282465589,L6,L5
1068,0,402,149,13.0,Oligo,0,1619.644713308785,5004.534876380852,cc,cc
1069,0,280,164,2.0,Endo,0,5871.027391357873,4999.140834666995,L5,L5
1070,0,502,311,5.0,eL2/3,0,11721.765315996372,5009.525703054128,L2/3,L2/3
1071,0,387,170,2.0,Oligo,0,2333.3296442980345,5022.11115223748,cc,cc
1072,0,456,249,1.0,eL6-2,0,4758.513978686405,5013.326882775226,L6,L6
1073,0,512,259,5.0,SST,0,8392.493326862412,5039.310846881825,L4,L4
1074,0,419,234,3.0,eL6-1,0,4546.445976761864,5051.368389618851,L6,L6
1075,0,291,161,4.0,eL5,0,7628.100344208321,5065.346789883269,L4,L4
1076,0,683,331,4.0,eL6-2,0,3732.993005893909,5057.862750491159,L6,L6
1078,0,1063,407,5.0,Oligo,0,6323.003485509543,5099.724595997757,L5,L5
1079,0,260,134,4.0,Endo,0,8125.53948953255,5116.642902208202,L4,L4
1080,0,240,149,9.0,Endo,0,11455.950606443115,5065.297458975907,L2/3,L2/3
1083,0,675,329,2.0,Astro-1,0,5099.358392434988,5128.50190943808,L6,L5
1084,0,286,154,1.0,Astro-2,0,8956.435847409766,5116.178312881861,L4,L4
1086,0,1058,435,1.0,eL2/3,0,9585.862365525109,5115.956166579329,L2/3,L2/3
1087,0,406,171,2.0,Oligo,0,1640.1827097163548,5144.72948098974,cc,cc
1089,0,781,368,1.0,eL6-2,0,3971.618438234526,5120.008520501437,L6,L6
1090,0,750,375,4.0,eL2/3,0,12029.276634951677,5111.778308450227,L2/3,L2/3
1091,0,539,291,10.0,SST,0,5963.200512552798,5139.954629585686,L5,L5
1092,0,1184,466,8.0,Astro-1,0,7139.688810649671,5151.383275082237,L5,L4
1093,0,418,231,11.0,eL6-1,0,4724.305120873408,5164.53719781648,L6,L6
1094,0,436,213,5.0,Oligo,0,8335.73856025479,5158.91443023746,L4,L4
1095,0,455,228,3.0,eL6-1,0,4308.793917652728,5153.413449697489,L6,L6
1096,0,267,116,2.0,Oligo,0,2199.362810707457,5191.572043157607,cc,cc
1097,0,455,244,5.0,eL6-2,0,4145.083321735096,5178.386778009743,L6,L6
1098,0,833,377,2.0,eL5,0,7461.3438782824,5179.970385091548,L4,L4
1099,0,421,229,1.0,eL4,0,8010.72662406155,5189.958615126885,L4,L4
1100,0,762,378,10.0,eL2/3,0,11876.145163968453,5195.253217102532,L2/3,L2/3
1101,0,649,366,1.0,eL2/3,0,10177.063570255688,5221.912620220502,L2/3,L2/3
1102,0,578,291,3.0,eL6-2,0,3092.626317686278,5230.781286602397,cc,L6
1103,0,369,207,2.0,eL6-2,0,3217.1521813224267,5214.259372869802,L6,L6
1104,0,458,257,9.0,eL2/3,0,11720.69036724625,5214.526041459436,L2/3,L2/3
1105,0,387,215,2.0,Micro,0,6841.927597374925,5218.4653967442255,L5,L5
1106,0,435,244,11.0,eL4,0,12031.64315397485,5240.458956230774,L2/3,L2/3
1107,0,582,306,3.0,eL6-2,0,4275.467182076365,5251.468076154412,L6,L6
1108,0,464,225,2.0,eL6-1,0,5682.662514906586,5220.318316328784,L5,L5
1109,0,266,150,8.0,Astro-2,0,11304.753616748136,5245.656001580013,L2/3,L2/3
1110,0,348,206,5.0,Micro,0,5943.833992094862,5245.8474773308535,L5,L5
1112,0,259,163,13.0,Endo,0,2704.0897671272587,5263.918397912842,cc,L6
1113,0,614,323,3.0,eL2/3,0,10530.676176162744,5228.978127264432,L2/3,L2/3
1114,0,401,198,8.0,eL4,0,8413.20220013402,5256.58616260889,L4,L4
1115,0,319,185,8.0,eL6-2,0,4893.315022815023,5254.890721890722,L6,L6
1116,0,992,411,1.0,eL6-1,0,9597.729129723091,5262.333140090029,L2/3,L2/3
1117,0,901,390,2.0,eL2/3,0,9870.757600346207,5254.658768798009,L2/3,L2/3
1118,0,584,286,9.0,eL6-2,0,3425.731387534589,5267.68922124127,L6,L6
1119,0,479,259,1.0,eL4,0,7917.066073125594,5279.242484869705,L4,L4
1120,0,377,162,10.0,Oligo,0,2121.3055189301185,5265.150813084699,cc,cc
1121,0,472,247,1.0,eL6-1,0,4055.877449751892,5293.611448047717,L6,L6
1122,0,447,210,5.0,Astro-2,0,8082.411744466109,5290.478839316435,L4,L4
1123,0,716,304,1.0,Reln,0,804.0709484690067,5294.890851381628,HPC,HPC
1124,0,997,368,11.0,Astro-2,0,13793.778969011602,5269.990541929798,L1,L1
1125,0,418,195,8.0,Oligo,0,1120.0892318679576,5312.119980955404,HPC,cc
1127,0,689,343,5.0,eL2/3,0,10297.424485524938,5293.987823825983,L2/3,L2/3
1128,0,312,184,2.0,Astro-2,0,8154.213289439487,5333.981373992896,L4,L4
1129,0,883,375,8.0,eL4,0,9093.854259660757,5332.888311439868,L4,L2/3
1131,0,803,367,5.0,eL5,0,444.98084314196495,5297.057500600528,HPC,HPC
1132,0,369,198,3.0,PVALB,0,5550.536900094297,5340.317832150479,L5,L5
1133,0,332,197,2.0,eL2/3,0,4877.651652331371,5345.2286102308735,L6,L5
1134,0,319,171,1.0,eL5,0,5060.381639782185,5358.771653138806,L6,L5
1135,0,499,206,5.0,Oligo,0,1614.133688591544,5340.904041386285,cc,cc
1136,0,614,296,11.0,eL4,0,8600.627329473493,5351.9675230685725,L4,L4
1137,0,603,284,4.0,eL6-1,0,3728.360371432473,5373.589717328963,L6,L6
1139,0,550,275,9.0,eL2/3,0,11593.859959486834,5375.847467927077,L2/3,L2/3
1141,0,362,197,3.0,eL4,0,7877.095031383821,5391.007274007156,L4,L4
1142,0,356,198,8.0,eL2/3,0,11238.421070234112,5392.2254180602,L2/3,L2/3
1144,0,294,180,0.0,eL4,0,8315.636265041574,5375.57790631617,L4,L4
1145,0,465,233,1.0,eL4,0,9511.050434324825,5386.732087391419,L2/3,L4
1146,0,397,211,8.0,eL6-2,0,3148.153815189194,5390.848063333036,cc,L6
1147,0,490,274,12.0,eL5,0,6459.446216116767,5421.06762336972,L5,L5
1148,0,561,279,8.0,Astro-2,0,10049.189301223843,5438.163343861034,L2/3,L2/3
1149,0,646,337,2.0,eL2/3,0,9283.80545874449,5408.233886206172,L4,L2/3
1151,0,716,344,2.0,eL6-2,0,3564.296697291574,5417.7603060213805,L6,L6
1152,0,606,300,5.0,eL4,0,8145.936413756892,5431.765135206091,L4,L4
1153,0,273,148,2.0,Astro-2,0,6831.56608691027,5442.322323280677,L5,L5
1154,0,598,278,5.0,SST,0,747.5497277586293,5438.39177781108,HPC,HPC
1155,0,570,313,3.0,eL2/3,0,11000.716587112172,5455.11136459357,L2/3,L2/3
1156,0,572,312,2.0,eL2/3,0,11814.21364610922,5446.952894438138,L2/3,L2/3
1157,0,385,193,5.0,Astro-2,0,1299.0535375380678,5447.838946021097,cc,cc
1158,0,529,283,2.0,eL6-2,0,3324.231055041908,5469.603430398341,L6,L6
1159,0,609,284,1.0,eL4,0,7145.499202950646,5473.07451630044,L5,L4
1161,0,844,380,11.0,Reln,0,905.7540484475376,5478.052194860814,HPC,HPC
1162,0,755,351,1.0,eL4,0,7682.922458709348,5474.1659117997615,L4,L4
1163,0,436,230,2.0,eL4,0,9543.265104405316,5484.224127773778,L2/3,L4
1164,0,614,292,2.0,eL5,0,6031.044145717418,5481.628111927872,L5,L5
1165,0,580,287,8.0,eL4,0,8603.584568886861,5489.351220346715,L4,L4
1167,0,341,176,5.0,Astro-2,0,9179.735102861196,5478.307696855049,L4,L2/3
1168,0,327,149,0.0,Oligo,0,1933.5843869681548,5499.658727244111,cc,cc
1169,0,451,228,5.0,eL4,0,8738.365442601766,5494.4111027353,L4,L4
1171,0,329,181,13.0,eL6-1,0,10718.030602863271,5500.080294207784,L2/3,L2/3
1173,0,715,351,4.0,eL6-2,0,2701.3445764799653,5519.12223751902,cc,L6
1174,0,475,226,8.0,Reln,0,7291.1861349745695,5519.571355301961,L5,L4
1176,0,461,226,2.0,Astro-2,0,9411.371399777225,5513.372513658303,L4,L4
1177,0,465,225,2.0,Astro-2,0,2592.8668086880007,5536.651275876441,cc,L6
1178,0,538,215,12.0,Oligo,0,1587.4918566775243,5539.823522568637,cc,cc
1180,0,286,169,4.0,eL6-2,0,3459.5569966854014,5574.667002930298,L6,L6
1181,0,381,195,8.0,eL4,0,8510.198335644938,5579.54745393303,L4,L4
1182,0,381,214,14.0,Astro-2,0,9683.665042752038,5574.620202823623,L2/3,L2/3
1183,0,350,203,14.0,eL6-1,0,4777.129033764536,5589.928127772849,L6,L6
1184,0,250,133,4.0,Oligo,0,298.6749825459623,5625.01303234815,HPC,HPC
1185,0,444,234,1.0,eL5,0,6192.011547344111,5576.930846659985,L5,L5
1186,0,341,198,2.0,PVALB,0,9559.260784661814,5614.15634061187,L2/3,L2/3
1187,0,841,458,1.0,eL2/3,0,11300.845337657163,5614.324486544917,L2/3,L2/3
1188,0,784,356,14.0,eL6-2,0,3688.9044627034,5604.1431609473175,L6,L6
1189,0,309,166,8.0,eL2/3,0,8697.967531380753,5607.877322175732,L4,L4
1190,0,280,163,11.0,eL6-1,0,12057.902214685782,5590.103643183804,L2/3,L2/3
1191,0,273,158,10.0,eL6-1,0,3955.1351673848194,5622.570699370235,L6,L6
1192,0,656,345,5.0,eL2/3,0,10629.779330674528,5632.873070920756,L2/3,L2/3
1193,0,528,213,4.0,Smc,0,13802.695726953065,5619.669010854609,L1,L1
1194,0,252,106,3.0,Oligo,0,1960.83860288826,5634.072206496186,cc,cc
1195,0,515,299,3.0,eL2/3,0,10352.196037125235,5638.210142272699,L2/3,L2/3
1197,0,240,135,9.0,Astro-1,0,3234.8261165862864,5639.844202138813,L6,L6
1199,0,827,406,14.0,eL2/3,0,9963.44199369808,5643.975794901175,L2/3,L2/3
1200,0,1036,443,1.0,Astro-1,0,5017.5945530990175,5604.583475056689,L6,L5
1201,0,255,154,2.0,eL6-2,0,11637.499146757678,5657.500752860871,L2/3,L2/3
1202,0,409,246,8.0,eL4,0,10205.459869744278,5665.055167129585,L2/3,L2/3
1203,0,257,119,10.0,Oligo,0,2165.139392808842,5702.730308259105,cc,cc
1204,0,438,246,1.0,eL2/3,0,10093.028006905812,5700.6590255131405,L2/3,L2/3
1205,0,388,205,8.0,eL6-2,0,9259.977206616592,5699.38423132028,L4,L4
1206,0,474,298,11.0,eL2/3,0,9005.417952867801,5708.065132435953,L4,L4
1207,0,296,168,5.0,eL6-1,0,4352.665683337174,5707.539940078359,L6,L6
1209,0,560,287,1.0,eL4,0,7465.713954235533,5717.676757219862,L4,L4
1211,0,382,220,4.0,Reln,0,656.0813779331004,5735.392638315255,HPC,cc
1212,0,734,374,5.0,eL2/3,0,9855.723322494829,5735.016891178582,L2/3,L2/3
1213,0,517,246,1.0,eL4,0,8515.455210772834,5723.233265027322,L4,L4
1214,0,257,165,3.0,eL4,0,8260.456108248663,5736.308614628979,L4,L4
1215,0,531,300,8.0,eL2/3,0,12246.169925282986,5748.320791016062,L1,L2/3
1216,0,520,295,4.0,Reln,0,10863.327508532424,5764.087986348123,L2/3,L2/3
1217,0,329,194,3.0,Micro,0,831.4332618600911,5788.600375234521,HPC,cc
1218,0,287,152,8.0,Astro-1,0,1346.553744584279,5776.786672168351,cc,cc
1219,0,692,337,9.0,eL2/3,0,9139.473331509847,5760.661378555798,L4,L4
1220,0,727,355,10.0,eL6-1,0,4914.39793840143,5773.656220125525,L6,L5
1221,0,728,370,10.0,eL2/3,0,11656.616071126737,5789.804401473919,L2/3,L2/3
1222,0,751,397,14.0,eL2/3,0,12113.173948305652,5783.9962269473535,L2/3,L2/3
1223,0,568,296,5.0,eL4,0,8639.328248393584,5780.988374944818,L4,L4
1224,0,266,130,9.0,Oligo,0,1779.7834044570886,5791.636794689426,cc,cc
1226,0,440,241,4.0,eL4,0,6243.206118018551,5790.509255970002,L5,L5
1227,0,230,106,10.0,Oligo,0,1965.5069132009216,5782.00784593438,cc,cc
1228,0,308,180,4.0,eL5,0,4747.846313107183,5796.732441471572,L6,L6
1229,0,456,231,10.0,Oligo,0,7799.224487053131,5792.336260191739,L4,L4
1230,0,330,174,10.0,Astro-1,0,5929.976056593507,5830.415472519499,L5,L5
1231,0,302,181,4.0,eL2/3,0,11223.38649215325,5809.536438147277,L2/3,L2/3
1232,0,552,302,9.0,Micro,0,11341.05743272664,5799.41278411565,L2/3,L2/3
1233,0,349,155,8.0,Oligo,0,2459.188761668276,5795.196440888399,cc,cc
1234,0,584,283,4.0,PVALB,0,6584.125699648989,5804.807655820131,L5,L5
1235,0,442,245,11.0,Micro,0,242.42662148169063,5865.237064231698,HPC,cc
1236,0,299,171,5.0,eL6-1,0,3686.6097111553786,5813.298356573705,L6,L6
1237,0,251,143,3.0,Endo,0,8047.409523349592,5787.342009948326,L4,L4
1238,0,208,99,2.0,Oligo,0,1207.8867013653164,5801.0589122727615,HPC,cc
1239,0,902,388,1.0,PVALB,0,3540.793528880239,5818.417216931953,L6,L6
1240,0,390,205,9.0,eL6-2,0,4461.304862902455,5813.480462405656,L6,L6
1241,0,434,190,10.0,Smc,0,13711.940806173216,5804.279013097776,L1,L1
1242,0,650,301,4.0,eL6-1,0,5278.455911321826,5862.599712864345,L6,L5
1243,0,486,233,10.0,eL5,0,5634.785060026678,5855.748110271232,L5,L5
1244,0,288,181,2.0,Micro,0,12376.262214234965,5848.988548501693,L1,L2/3
1245,0,721,339,4.0,eL2/3,0,9818.203315455876,5853.133187063221,L2/3,L2/3
1246,0,552,286,9.0,eL6-2,0,3352.370096745822,5875.663236587511,L6,L6
1247,0,324,180,15.0,eL5,0,3820.329176160211,5872.275272814486,L6,L6
1250,0,216,128,15.0,eL6-1,0,9341.546272493571,5889.062467866324,L4,L4
1251,0,386,190,11.0,Smc,0,13697.795579682048,5906.862659945716,L1,L1
1252,0,391,188,11.0,Endo,0,8589.662454424926,5910.105485581704,L4,L4
1253,0,337,154,5.0,Oligo,0,2174.812101910828,5900.265752082312,cc,cc
1254,0,330,163,4.0,PVALB,0,6607.550465485921,5918.408094913715,L5,L5
1255,0,365,223,11.0,Astro-2,0,11741.895863495349,5903.161220268873,L2/3,L2/3
1256,0,298,137,10.0,Oligo,0,1948.1768525402729,5946.402676579925,cc,cc
1257,0,362,202,8.0,Smc,0,13509.942565832906,5927.2901048925405,L1,L1
1258,0,447,219,5.0,eL6-2,0,3958.8804727019015,5923.481336124193,L6,L6
1259,0,453,236,3.0,eL6-2,0,4262.054931059306,5935.26989312808,L6,L6
1260,0,436,233,13.0,eL5,0,5491.268404225181,5948.41231939779,L5,L5
1261,0,611,335,10.0,eL2/3,0,10318.9029732809,5931.605902458745,L2/3,L2/3
1262,0,395,218,10.0,Astro-2,0,728.0904092013013,5942.469458827843,HPC,cc
1263,0,795,347,10.0,eL4,0,7866.524504223833,5960.9370319333775,L4,L4
1264,0,867,348,1.0,eL2/3,0,9968.631235431236,5946.014085914086,L2/3,L2/3
1265,0,384,170,3.0,Oligo,0,1587.036926147705,5943.947723600419,cc,cc
1266,0,538,274,10.0,eL2/3,0,10509.73285111513,5955.744062688366,L2/3,L2/3
1267,0,232,135,10.0,Endo,0,13026.756858710562,5966.527377686329,L1,L1
1268,0,798,398,2.0,eL2/3,0,11344.63465232424,5970.762133435779,L2/3,L2/3
1269,0,202,116,10.0,eL4,0,3756.84887168506,5980.941195849119,L6,L6
1270,0,699,337,1.0,eL6-2,0,2757.143534052199,5939.024741951183,cc,L6
1271,0,535,264,5.0,Astro-2,0,11623.464986297418,5977.463688158085,L2/3,L2/3
1272,0,409,218,10.0,Astro-2,0,10784.391184387618,6007.74932705249,L2/3,L2/3
1273,0,621,301,2.0,eL4,0,8401.201051508084,5991.895363086532,L4,L4
1274,0,920,377,5.0,eL2/3,0,9088.742380478088,6026.205677290836,L4,L4
1275,0,729,395,1.0,eL2/3,0,11074.601122010845,6013.705017707713,L2/3,L2/3
1276,0,639,337,1.0,eL2/3,0,12101.78674362316,6002.505306274436,L2/3,L2/3
1277,0,465,205,4.0,Oligo,0,1700.5145345168482,6002.72121492575,cc,cc
1278,0,783,335,10.0,eL6-2,0,3038.9622746961018,5991.748567835685,cc,L6
1279,0,665,329,3.0,eL4,0,8872.47436321535,6012.211710221634,L4,L4
1280,0,497,228,5.0,Smc,0,13714.640208717004,6003.008839779006,L1,L1
1281,0,335,172,2.0,Astro-2,0,510.3522469570047,6014.825195538483,HPC,cc
1282,0,327,169,11.0,eL6-2,0,4090.088669663184,5992.087035199346,L6,L6
1283,0,410,209,5.0,eL4,0,7603.242514855281,6005.138278704236,L4,L4
1284,0,398,203,5.0,Endo,0,12332.66748797838,6011.356078369034,L1,L2/3
1285,0,358,183,11.0,Astro-2,0,13489.007089480743,6025.105064827234,L1,L1
1286,0,326,179,4.0,Astro-2,0,13601.930336567617,6029.965509399636,L1,L1
1287,0,256,148,14.0,eL5,0,4808.104825675364,6039.16508889402,L6,L6
1288,0,399,199,15.0,eL6-2,0,4197.609385136596,6029.340661717004,L6,L6
1289,0,511,244,1.0,eL6-2,0,2928.353329738474,6017.853329738474,cc,L6
1290,0,485,227,11.0,SST,0,8600.730709845995,6060.772002058672,L4,L4
1291,0,389,209,10.0,Micro,0,2611.798280279672,6074.539931384896,cc,L6
1292,0,607,307,1.0,eL4,0,9331.849741167924,6078.611252383979,L4,L4
1293,0,273,158,10.0,eL6-1,0,3797.379074295045,6078.584060792564,L6,L6
1294,0,507,237,1.0,eL2/3,0,9747.09480963712,6058.615779298037,L2/3,L2/3
1296,0,450,244,10.0,eL6-2,0,3456.322411115977,6105.014213480909,L6,L6
1298,0,457,258,10.0,eL6-2,0,4038.808167621616,6116.88383327716,L6,L6
1299,0,292,167,7.0,eL4,0,9219.449417689644,6119.052187598363,L4,L4
1300,0,406,192,1.0,Endo,0,12775.4841592499,6113.203127861407,L1,L1
1301,0,352,174,8.0,Smc,0,13723.241451941303,6113.418872428561,L1,L1
1302,0,307,158,4.0,Oligo,0,2415.870105986546,6132.389827227411,cc,cc
1303,0,607,280,4.0,Astro-2,0,6421.831022163014,6084.851913527916,L5,L5
1304,0,708,296,4.0,eL4,0,7309.3384645943,6144.782302115404,L5,L4
1305,0,560,306,11.0,eL2/3,0,12071.521531100478,6142.376184887605,L2/3,L2/3
1306,0,496,202,10.0,Oligo,0,1650.6172652422083,6145.610092438248,cc,cc
1307,0,605,305,5.0,eL5,0,5566.115426497277,6146.112079048196,L5,L5
1308,0,686,308,10.0,eL6-2,0,3142.265354135711,6162.606550272412,cc,L6
1309,0,676,328,3.0,eL5,0,6147.652068478772,6169.181150240689,L5,L5
1310,0,312,170,4.0,Astro-2,0,12473.659731631627,6179.267974998907,L1,L2/3
1311,0,453,236,10.0,eL6-2,0,3917.342684009821,6173.243796688084,L6,L6
1313,0,302,172,8.0,Astro-2,0,5806.159338267305,6190.72684868462,L5,L5
1315,0,304,146,3.0,Smc,0,13746.189608569426,6188.828911802983,L1,L1
1316,0,344,176,8.0,eL6-1,0,2967.646446639364,6199.95205974464,cc,L6
1317,0,888,408,8.0,PVALB,0,3630.073963770341,6201.601350936445,L6,L6
1318,0,346,161,5.0,Oligo,0,1812.1411301185344,6159.401198814655,cc,cc
1319,0,379,178,11.0,Oligo,0,2132.390265189661,6168.302551191675,cc,cc
1320,0,372,197,4.0,eL2/3,0,9995.779348869686,6184.006502574845,L2/3,L2/3
1321,0,477,213,1.0,Oligo,0,655.3741228070176,6193.480007309941,HPC,cc
1322,0,276,140,5.0,Oligo,0,1537.4125779692624,6210.292264163077,cc,cc
1323,0,215,121,8.0,eL4,0,7880.187838130275,6218.506600302965,L4,L4
1324,0,377,221,10.0,Astro-2,0,5908.531053059565,6193.965795893474,L5,L5
1325,0,455,243,8.0,eL4,0,8226.1880489335,6225.021748222501,L4,L4
1326,0,712,367,12.0,eL6-1,0,10414.008381521668,6227.125690338509,L2/3,L2/3
1328,0,956,389,7.0,Reln,0,4658.963596736666,6195.40885930551,L6,L6
1329,0,515,288,5.0,eL6-2,0,4243.3290677283285,6237.123039006588,L6,L6
1330,0,782,345,9.0,Reln,0,6662.451994450225,6257.734131113423,L5,L5
1331,0,515,294,5.0,eL2/3,0,11194.219088937094,6273.643806663329,L2/3,L2/3
1332,0,256,130,10.0,Oligo,0,1282.916712937257,6257.342726263187,cc,cc
1333,0,491,271,10.0,eL4,0,8347.204757933547,6261.082693236185,L4,L4
1334,0,450,266,8.0,eL2/3,0,12016.099027177945,6287.276752606553,L2/3,L2/3
1335,0,312,185,1.0,eL6-2,0,7007.245987075256,6252.835800152873,L5,L4
1336,0,616,295,8.0,eL2/3,0,12196.351247828146,6260.0291423155895,L2/3,L2/3
1337,0,479,282,11.0,eL2/3,0,10858.919222289036,6282.746843054721,L2/3,L2/3
1339,0,278,130,1.0,Smc,0,13749.63606286187,6300.75121771896,L1,L1
1341,0,744,357,4.0,eL4,0,7434.681045296167,6279.291567944251,L4,L4
1345,0,742,348,11.0,Reln,0,6079.5562286524455,6325.804536959464,L5,L5
1346,0,289,147,10.0,Oligo,0,1509.5075415753513,6315.422908340854,cc,cc
1347,0,779,384,8.0,eL2/3,0,9860.083656055136,6320.769510994421,L2/3,L2/3
1348,0,375,194,10.0,eL4,0,10155.231620179064,6333.6755337465565,L2/3,L2/3
1349,0,514,308,14.0,eL2/3,0,11290.694093628335,6321.137403855284,L2/3,L2/3
1350,0,658,384,1.0,eL2/3,0,11700.303223997757,6336.213484721055,L2/3,L2/3
1351,0,211,117,10.0,Oligo,0,885.3753868440114,6328.64574965431,HPC,cc
1352,0,645,310,8.0,eL4,0,7046.381808021321,6344.315565490264,L5,L4
1353,0,692,339,2.0,eL6-2,0,9382.737257928196,6308.367985889097,L4,L2/3
1354,0,532,276,4.0,eL5,0,5910.400401313389,6341.23568040861,L5,L5
1355,0,204,120,1.0,eL6-1,0,3881.968621477533,6329.439603960396,L6,L6
1356,0,334,186,10.0,eL4,0,7745.022766342982,6335.154671746504,L4,L4
1357,0,221,123,10.0,SST,0,10564.993858079904,6321.672450805009,L2/3,L2/3
1358,0,288,174,1.0,eL2/3,0,11435.301751549448,6350.473834545945,L2/3,L2/3
1359,0,204,126,5.0,Oligo,0,1210.5513046890328,6352.122228762017,HPC,cc
1360,0,544,296,10.0,eL6-2,0,3362.832090622312,6353.474906796673,L6,L6
1361,0,207,121,10.0,Reln,0,9674.209096036508,6362.788904271138,L2/3,L2/3
1362,0,239,132,5.0,Oligo,0,668.8180716296528,6377.663121676572,HPC,cc
1363,0,263,152,12.0,eL6-2,0,4429.318072430592,6379.089804543053,L6,L6
1364,0,719,357,9.0,eL4,0,6735.64885928248,6365.706287008011,L5,L4
1365,0,653,322,7.0,Micro,0,12836.44514337064,6347.700432971163,L1,L1
1367,0,251,191,9.0,eL2/3,0,7618.382697947214,6382.390322580645,L4,L4
1368,0,316,164,8.0,Micro,0,13539.365362827084,6375.001996223361,L1,L1
1369,0,430,246,5.0,eL6-2,0,2614.562212198102,6387.177520909689,cc,L6
1370,0,400,221,10.0,eL6-2,0,3147.233611926813,6382.532098486559,cc,L6
1372,0,224,119,11.0,Oligo,0,1559.172307011723,6403.563813315638,cc,cc
1374,0,262,147,5.0,Astro-2,0,9018.155515908416,6377.419664981663,L4,L4
1376,0,520,231,2.0,Oligo,0,2412.40823432284,6365.152338562045,cc,cc
1377,0,513,274,5.0,eL4,0,7298.999020457371,6379.265719775459,L5,L4
1378,0,255,136,5.0,Oligo,0,8542.13165625167,6402.613790525023,L4,L4
1379,0,334,179,2.0,eL5,0,4608.706895740174,6380.48745587197,L6,L6
1380,0,550,307,1.0,eL2/3,0,12169.635764481676,6401.176321118037,L2/3,L2/3
1381,0,591,313,10.0,eL6-2,0,3586.132257298837,6400.348920009495,L6,L6
1382,0,336,187,8.0,eL6-2,0,4005.014202458495,6404.411871296342,L6,L6
1384,0,392,211,8.0,eL4,0,9495.290017339608,6404.294178845677,L2/3,L2/3
1386,0,334,181,5.0,Smc,0,13653.53175226802,6418.719694263876,L1,L1
1388,0,333,182,5.0,Astro-2,0,8773.272237806534,6439.531716586735,L4,L4
